Date,Open*,High,Low,Close**,Volume,Market Cap
"Jun 04, 2021",$1.85,$1.85,$1.61,$1.71,"$4,583,062,567","$54,660,628,031"
"Jun 03, 2021",$1.75,$1.89,$1.72,$1.84,"$3,443,770,332","$58,799,938,617"
"Jun 02, 2021",$1.74,$1.80,$1.72,$1.75,"$3,453,620,094","$55,999,771,168"
"Jun 01, 2021",$1.74,$1.78,$1.66,$1.73,"$4,123,980,990","$55,422,434,615"
"May 31, 2021",$1.58,$1.75,$1.53,$1.74,"$4,491,096,277","$55,678,821,518"
"May 30, 2021",$1.40,$1.69,$1.35,$1.58,"$4,974,774,760","$50,391,384,963"
"May 29, 2021",$1.51,$1.56,$1.34,$1.41,"$3,902,596,499","$44,926,744,594"
"May 28, 2021",$1.65,$1.68,$1.45,$1.51,"$5,373,114,660","$48,305,428,071"
"May 27, 2021",$1.78,$1.79,$1.61,$1.65,"$4,266,751,905","$52,585,624,036"
"May 26, 2021",$1.55,$1.83,$1.55,$1.78,"$6,638,876,193","$56,954,330,220"
"May 25, 2021",$1.55,$1.65,$1.44,$1.56,"$5,723,130,829","$49,691,394,706"
"May 24, 2021",$1.32,$1.60,$1.27,$1.55,"$7,365,907,636","$49,503,411,493"
"May 23, 2021",$1.47,$1.54,$1.06,$1.33,"$9,297,651,823","$42,345,452,944"
"May 22, 2021",$1.55,$1.60,$1.38,$1.46,"$6,572,397,780","$46,760,255,160"
"May 21, 2021",$1.80,$1.87,$1.33,$1.55,"$9,055,414,507","$49,592,610,205"
"May 20, 2021",$1.47,$1.94,$1.33,$1.81,"$11,788,522,531","$57,841,421,056"
"May 19, 2021",$2.01,$2.03,$1.03,$1.48,"$16,313,794,033","$47,364,054,919"
"May 18, 2021",$2.03,$2.15,$1.98,$2.00,"$6,744,829,200","$64,013,624,855"
"May 17, 2021",$2.30,$2.33,$1.93,$2.03,"$11,250,259,740","$64,926,180,313"
"May 16, 2021",$2.17,$2.46,$2.01,$2.31,"$12,524,150,427","$73,772,243,227"
"May 15, 2021",$2.01,$2.37,$1.97,$2.17,"$15,517,858,775","$69,456,498,161"
"May 14, 2021",$1.93,$2.04,$1.82,$2.00,"$7,654,204,713","$64,049,851,846"
"May 13, 2021",$1.57,$1.97,$1.51,$1.93,"$14,513,419,581","$61,777,434,114"
"May 12, 2021",$1.76,$1.82,$1.55,$1.55,"$5,338,469,591","$49,608,527,761"
"May 11, 2021",$1.64,$1.78,$1.60,$1.76,"$5,428,571,805","$56,359,290,882"
"May 10, 2021",$1.77,$1.82,$1.53,$1.64,"$6,463,330,466","$52,545,259,776"
"May 09, 2021",$1.62,$1.83,$1.58,$1.77,"$8,065,503,276","$56,566,463,237"
"May 08, 2021",$1.65,$1.65,$1.56,$1.62,"$3,959,173,109","$51,742,000,067"
"May 07, 2021",$1.65,$1.75,$1.53,$1.65,"$7,324,573,762","$52,825,018,639"
"May 06, 2021",$1.48,$1.70,$1.43,$1.65,"$10,679,657,004","$52,718,656,416"
"May 05, 2021",$1.27,$1.49,$1.26,$1.48,"$4,797,068,103","$47,140,655,835"
"May 04, 2021",$1.36,$1.37,$1.26,$1.27,"$3,342,089,372","$40,705,676,575"
"May 03, 2021",$1.33,$1.38,$1.32,$1.36,"$2,398,404,766","$43,514,548,966"
"May 02, 2021",$1.35,$1.35,$1.30,$1.33,"$1,994,291,746","$42,389,411,930"
"May 01, 2021",$1.35,$1.37,$1.32,$1.35,"$2,030,816,122","$43,228,336,017"
"Apr 30, 2021",$1.31,$1.37,$1.29,$1.35,"$2,691,072,833","$43,208,459,367"
"Apr 29, 2021",$1.34,$1.41,$1.27,$1.31,"$3,997,566,407","$41,788,829,478"
"Apr 28, 2021",$1.31,$1.35,$1.24,$1.34,"$2,981,476,669","$42,672,268,919"
"Apr 27, 2021",$1.24,$1.33,$1.22,$1.31,"$2,985,492,683","$41,754,114,326"
"Apr 26, 2021",$1.09,$1.25,$1.08,$1.23,"$3,201,086,934","$39,424,835,370"
"Apr 25, 2021",$1.10,$1.15,$1.02,$1.09,"$2,465,672,138","$34,767,757,835"
"Apr 24, 2021",$1.16,$1.20,$1.10,$1.10,"$3,566,224,272","$35,186,428,203"
"Apr 23, 2021",$1.15,$1.17,$0.94,$1.16,"$7,196,378,408","$36,922,722,804"
"Apr 22, 2021",$1.20,$1.28,$1.12,$1.15,"$4,693,396,293","$36,645,258,024"
"Apr 21, 2021",$1.27,$1.29,$1.20,$1.21,"$4,078,624,182","$38,553,136,747"
"Apr 20, 2021",$1.19,$1.28,$1.13,$1.27,"$4,855,633,658","$40,444,459,861"
"Apr 19, 2021",$1.28,$1.32,$1.17,$1.20,"$5,665,978,235","$38,272,759,892"
"Apr 18, 2021",$1.39,$1.40,$1.10,$1.28,"$7,454,680,286","$40,750,096,836"
"Apr 17, 2021",$1.41,$1.46,$1.37,$1.38,"$4,058,018,560","$44,244,219,073"
"Apr 16, 2021",$1.48,$1.52,$1.34,$1.42,"$5,692,183,858","$45,269,118,282"
"Apr 15, 2021",$1.45,$1.49,$1.42,$1.48,"$5,337,358,369","$47,334,226,350"
"Apr 14, 2021",$1.41,$1.56,$1.35,$1.46,"$9,596,107,541","$46,498,212,198"
"Apr 13, 2021",$1.31,$1.44,$1.28,$1.41,"$5,896,543,066","$45,104,180,472"
"Apr 12, 2021",$1.27,$1.35,$1.27,$1.32,"$4,918,248,258","$42,048,031,658"
"Apr 11, 2021",$1.22,$1.29,$1.20,$1.27,"$3,636,786,443","$40,470,031,448"
"Apr 10, 2021",$1.20,$1.25,$1.20,$1.22,"$2,481,275,569","$38,937,266,407"
"Apr 09, 2021",$1.22,$1.23,$1.19,$1.20,"$1,678,933,674","$38,451,053,585"
"Apr 08, 2021",$1.18,$1.22,$1.17,$1.22,"$2,315,835,365","$38,958,913,858"
"Apr 07, 2021",$1.26,$1.29,$1.17,$1.18,"$4,771,395,490","$37,544,017,970"
"Apr 06, 2021",$1.21,$1.34,$1.20,$1.26,"$6,301,229,657","$40,106,447,233"
"Apr 05, 2021",$1.19,$1.23,$1.18,$1.21,"$2,992,739,340","$38,794,825,908"
"Apr 04, 2021",$1.17,$1.20,$1.17,$1.19,"$2,166,855,014","$38,063,850,601"
"Apr 03, 2021",$1.20,$1.24,$1.17,$1.17,"$3,355,350,115","$37,484,228,834"
"Apr 02, 2021",$1.19,$1.25,$1.19,$1.20,"$2,909,026,267","$38,226,452,476"
"Apr 01, 2021",$1.19,$1.21,$1.18,$1.19,"$2,309,789,364","$37,994,346,512"
"Mar 31, 2021",$1.21,$1.21,$1.17,$1.19,"$3,190,463,749","$38,122,781,325"
"Mar 30, 2021",$1.20,$1.23,$1.19,$1.21,"$2,517,422,843","$38,763,410,938"
"Mar 29, 2021",$1.19,$1.23,$1.18,$1.20,"$2,554,597,106","$38,419,153,521"
"Mar 28, 2021",$1.18,$1.22,$1.17,$1.19,"$2,397,009,016","$38,054,391,213"
"Mar 27, 2021",$1.21,$1.24,$1.16,$1.18,"$3,106,871,131","$37,589,641,439"
"Mar 26, 2021",$1.10,$1.28,$1.10,$1.21,"$6,325,795,912","$38,784,256,431"
"Mar 25, 2021",$1.07,$1.15,$1.06,$1.10,"$5,732,698,268","$35,193,427,842"
"Mar 24, 2021",$1.12,$1.16,$1.06,$1.08,"$3,759,287,517","$34,344,508,821"
"Mar 23, 2021",$1.11,$1.17,$1.09,$1.12,"$4,609,407,773","$35,831,695,679"
"Mar 22, 2021",$1.19,$1.21,$1.09,$1.11,"$4,058,067,310","$35,458,596,654"
"Mar 21, 2021",$1.21,$1.24,$1.16,$1.19,"$4,064,084,727","$37,991,018,691"
"Mar 20, 2021",$1.30,$1.31,$1.21,$1.21,"$4,316,999,916","$38,546,959,900"
"Mar 19, 2021",$1.24,$1.34,$1.20,$1.30,"$7,970,282,918","$41,602,128,113"
"Mar 18, 2021",$1.38,$1.47,$1.24,$1.24,"$11,392,835,545","$39,584,149,301"
"Mar 17, 2021",$1.24,$1.42,$1.21,$1.38,"$10,046,495,758","$44,046,287,352"
"Mar 16, 2021",$1.03,$1.26,$1.00,$1.24,"$9,502,962,157","$39,710,232,338"
"Mar 15, 2021",$1.06,$1.07,$1.01,$1.03,"$4,545,451,677","$33,019,817,868"
"Mar 14, 2021",$1.10,$1.10,$1.06,$1.06,"$3,738,147,940","$33,838,166,627"
"Mar 13, 2021",$1.04,$1.18,$0.99,$1.10,"$5,871,086,058","$35,249,017,882"
"Mar 12, 2021",$1.12,$1.13,$1.03,$1.04,"$4,224,893,051","$33,198,891,101"
"Mar 11, 2021",$1.13,$1.14,$1.11,$1.12,"$3,633,460,869","$35,935,123,941"
"Mar 10, 2021",$1.20,$1.20,$1.12,$1.14,"$4,215,428,913","$36,261,417,319"
"Mar 09, 2021",$1.12,$1.21,$1.11,$1.20,"$5,317,733,185","$38,183,375,234"
"Mar 08, 2021",$1.13,$1.18,$1.11,$1.12,"$3,557,114,310","$35,719,914,246"
"Mar 07, 2021",$1.13,$1.14,$1.11,$1.13,"$4,204,795,554","$36,209,148,044"
"Mar 06, 2021",$1.17,$1.18,$1.09,$1.13,"$5,348,048,001","$36,133,913,814"
"Mar 05, 2021",$1.11,$1.20,$1.04,$1.17,"$7,325,099,027","$37,332,335,359"
"Mar 04, 2021",$1.22,$1.23,$1.07,$1.11,"$7,164,490,225","$35,618,147,966"
"Mar 03, 2021",$1.23,$1.26,$1.21,$1.22,"$4,937,160,429","$38,868,096,418"
"Mar 02, 2021",$1.29,$1.30,$1.19,$1.23,"$8,118,255,106","$39,155,277,835"
"Mar 01, 2021",$1.31,$1.34,$1.24,$1.29,"$9,775,330,113","$41,289,607,566"
"Feb 28, 2021",$1.32,$1.36,$1.17,$1.31,"$15,732,556,180","$40,696,967,235"
"Feb 27, 2021",$1.24,$1.48,$1.23,$1.32,"$19,141,980,288","$41,219,695,427"
"Feb 26, 2021",$1.08,$1.29,$1.00,$1.24,"$14,884,142,109","$38,613,872,246"
"Feb 25, 2021",$1.05,$1.17,$1.02,$1.08,"$8,248,286,269","$33,573,986,145"
"Feb 24, 2021",$0.95,$1.07,$0.90,$1.05,"$8,481,334,623","$32,719,650,909"
"Feb 23, 2021",$1.10,$1.13,$0.82,$0.95,"$11,201,900,117","$29,703,373,313"
"Feb 22, 2021",$1.10,$1.13,$0.85,$1.10,"$10,562,051,439","$34,197,312,215"
"Feb 21, 2021",$1.12,$1.15,$1.08,$1.10,"$7,042,361,464","$34,239,897,895"
"Feb 20, 2021",$0.93,$1.19,$0.92,$1.12,"$11,454,890,463","$34,938,012,154"
"Feb 19, 2021",$0.91,$0.94,$0.89,$0.93,"$4,582,877,243","$28,861,468,234"
"Feb 18, 2021",$0.89,$0.96,$0.89,$0.91,"$4,918,032,802","$28,440,499,325"
"Feb 17, 2021",$0.87,$0.90,$0.83,$0.89,"$5,841,828,077","$27,718,724,943"
"Feb 16, 2021",$0.86,$0.90,$0.84,$0.87,"$6,948,621,246","$27,097,447,122"
"Feb 15, 2021",$0.85,$0.91,$0.72,$0.86,"$8,979,888,270","$26,788,220,383"
"Feb 14, 2021",$0.91,$0.91,$0.82,$0.85,"$7,159,401,195","$26,396,411,405"
"Feb 13, 2021",$0.93,$0.95,$0.83,$0.91,"$7,532,474,270","$28,179,179,477"
"Feb 12, 2021",$0.93,$0.95,$0.87,$0.93,"$8,035,829,513","$28,797,323,576"
"Feb 11, 2021",$0.93,$0.97,$0.87,$0.93,"$10,627,183,208","$28,864,337,307"
"Feb 10, 2021",$0.70,$0.94,$0.70,$0.93,"$12,667,653,585","$28,944,519,827"
"Feb 09, 2021",$0.68,$0.71,$0.67,$0.70,"$5,885,048,712","$21,888,135,138"
"Feb 08, 2021",$0.66,$0.72,$0.63,$0.68,"$9,056,514,741","$21,234,605,388"
"Feb 07, 2021",$0.63,$0.70,$0.59,$0.66,"$11,252,055,620","$20,634,977,899"
"Feb 06, 2021",$0.54,$0.66,$0.52,$0.63,"$8,109,402,422","$19,535,078,373"
"Feb 05, 2021",$0.44,$0.56,$0.44,$0.54,"$6,808,411,307","$16,734,586,379"
"Feb 04, 2021",$0.44,$0.45,$0.41,$0.44,"$3,553,059,568","$13,722,204,142"
"Feb 03, 2021",$0.43,$0.45,$0.42,$0.44,"$3,648,896,567","$13,733,039,801"
"Feb 02, 2021",$0.40,$0.45,$0.39,$0.43,"$6,504,904,709","$13,261,606,049"
"Feb 01, 2021",$0.34,$0.42,$0.33,$0.40,"$3,838,085,989","$12,508,252,626"
"Jan 31, 2021",$0.36,$0.38,$0.34,$0.34,"$2,455,679,992","$10,730,622,858"
"Jan 30, 2021",$0.35,$0.37,$0.34,$0.36,"$2,866,173,269","$11,281,969,894"
"Jan 29, 2021",$0.35,$0.37,$0.33,$0.35,"$3,367,098,095","$10,831,223,506"
"Jan 28, 2021",$0.31,$0.35,$0.31,$0.35,"$2,863,036,709","$10,768,923,912"
"Jan 27, 2021",$0.34,$0.34,$0.31,$0.31,"$2,666,764,973","$9,740,709,695"
"Jan 26, 2021",$0.34,$0.35,$0.33,$0.34,"$2,557,745,015","$10,709,963,534"
"Jan 25, 2021",$0.35,$0.36,$0.34,$0.34,"$2,339,817,092","$10,699,148,306"
"Jan 24, 2021",$0.35,$0.37,$0.34,$0.35,"$2,539,663,711","$11,010,118,427"
"Jan 23, 2021",$0.35,$0.36,$0.34,$0.35,"$2,781,033,956","$10,753,827,794"
"Jan 22, 2021",$0.31,$0.36,$0.28,$0.35,"$4,066,222,238","$10,876,193,809"
"Jan 21, 2021",$0.38,$0.38,$0.30,$0.31,"$3,567,902,823","$9,651,363,869"
"Jan 20, 2021",$0.37,$0.38,$0.33,$0.38,"$3,281,600,988","$11,679,436,460"
"Jan 19, 2021",$0.37,$0.38,$0.36,$0.37,"$2,957,453,653","$11,484,768,156"
"Jan 18, 2021",$0.38,$0.40,$0.37,$0.37,"$3,480,282,508","$11,556,043,622"
"Jan 17, 2021",$0.35,$0.40,$0.34,$0.38,"$5,617,481,334","$11,818,146,766"
"Jan 16, 2021",$0.30,$0.37,$0.30,$0.35,"$4,476,161,885","$10,965,408,630"
"Jan 15, 2021",$0.31,$0.33,$0.28,$0.30,"$3,171,984,602","$9,412,470,214"
"Jan 14, 2021",$0.31,$0.32,$0.30,$0.31,"$2,686,785,564","$9,657,183,562"
"Jan 13, 2021",$0.29,$0.31,$0.27,$0.31,"$2,656,935,144","$9,757,153,488"
"Jan 12, 2021",$0.28,$0.31,$0.27,$0.29,"$4,037,298,875","$8,929,377,217"
"Jan 11, 2021",$0.30,$0.30,$0.23,$0.28,"$4,768,803,200","$8,570,417,665"
"Jan 10, 2021",$0.33,$0.34,$0.28,$0.30,"$3,732,911,206","$9,486,050,469"
"Jan 09, 2021",$0.31,$0.34,$0.30,$0.33,"$3,655,608,663","$10,359,612,261"
"Jan 08, 2021",$0.30,$0.32,$0.27,$0.31,"$4,560,690,774","$9,507,877,119"
"Jan 07, 2021",$0.33,$0.35,$0.28,$0.30,"$5,149,188,552","$9,333,113,824"
"Jan 06, 2021",$0.26,$0.35,$0.26,$0.33,"$6,170,988,900","$10,326,186,774"
"Jan 05, 2021",$0.22,$0.26,$0.21,$0.26,"$4,097,207,384","$8,036,779,511"
"Jan 04, 2021",$0.21,$0.24,$0.19,$0.22,"$3,260,699,086","$6,992,916,199"
"Jan 03, 2021",$0.18,$0.21,$0.17,$0.20,"$2,303,857,909","$6,377,915,102"
"Jan 02, 2021",$0.18,$0.18,$0.17,$0.18,"$1,408,849,504","$5,520,054,873"
"Jan 01, 2021",$0.18,$0.18,$0.17,$0.18,"$1,122,218,004","$5,455,571,953"
"Dec 31, 2020",$0.18,$0.19,$0.18,$0.18,"$1,132,268,397","$5,643,713,241"
"Dec 30, 2020",$0.19,$0.19,$0.18,$0.18,"$1,849,432,295","$5,725,936,828"
"Dec 29, 2020",$0.18,$0.20,$0.17,$0.19,"$2,967,669,490","$5,978,703,149"
"Dec 28, 2020",$0.15,$0.18,$0.15,$0.18,"$1,732,151,279","$5,498,652,274"
"Dec 27, 2020",$0.16,$0.17,$0.15,$0.15,"$1,578,354,821","$4,804,453,144"
"Dec 26, 2020",$0.16,$0.16,$0.15,$0.16,"$1,191,970,341","$4,910,288,580"
"Dec 25, 2020",$0.15,$0.17,$0.15,$0.16,"$1,119,917,804","$4,902,200,882"
"Dec 24, 2020",$0.14,$0.15,$0.13,$0.15,"$1,470,292,431","$4,756,584,656"
"Dec 23, 2020",$0.16,$0.16,$0.13,$0.14,"$1,484,453,887","$4,243,561,035"
"Dec 22, 2020",$0.15,$0.16,$0.15,$0.16,"$1,138,400,653","$4,859,123,318"
"Dec 21, 2020",$0.16,$0.17,$0.15,$0.15,"$1,139,902,286","$4,749,512,291"
"Dec 20, 2020",$0.16,$0.17,$0.16,$0.16,"$729,191,687","$5,039,863,587"
"Dec 19, 2020",$0.16,$0.17,$0.16,$0.16,"$586,684,841","$5,124,648,592"
"Dec 18, 2020",$0.16,$0.17,$0.16,$0.16,"$1,101,018,945","$5,133,191,975"
"Dec 17, 2020",$0.17,$0.17,$0.16,$0.16,"$1,188,727,265","$5,086,350,899"
"Dec 16, 2020",$0.15,$0.17,$0.15,$0.17,"$976,699,799","$5,214,107,174"
"Dec 15, 2020",$0.16,$0.16,$0.15,$0.15,"$607,184,173","$4,800,812,312"
"Dec 14, 2020",$0.15,$0.16,$0.15,$0.16,"$587,078,385","$4,915,534,755"
"Dec 13, 2020",$0.14,$0.16,$0.14,$0.15,"$675,025,745","$4,790,208,946"
"Dec 12, 2020",$0.14,$0.15,$0.14,$0.14,"$519,780,651","$4,494,503,217"
"Dec 11, 2020",$0.14,$0.14,$0.14,$0.14,"$704,854,539","$4,338,604,376"
"Dec 10, 2020",$0.15,$0.15,$0.14,$0.14,"$798,550,525","$4,417,795,610"
"Dec 09, 2020",$0.14,$0.15,$0.13,$0.15,"$1,320,752,603","$4,609,780,641"
"Dec 08, 2020",$0.15,$0.15,$0.14,$0.14,"$939,164,987","$4,384,632,224"
"Dec 07, 2020",$0.16,$0.16,$0.15,$0.15,"$789,426,236","$4,795,379,168"
"Dec 06, 2020",$0.16,$0.16,$0.15,$0.16,"$886,137,949","$4,942,739,301"
"Dec 05, 2020",$0.15,$0.16,$0.15,$0.16,"$1,036,100,099","$4,967,663,076"
"Dec 04, 2020",$0.16,$0.16,$0.15,$0.15,"$1,200,621,758","$4,612,149,974"
"Dec 03, 2020",$0.16,$0.17,$0.16,$0.16,"$1,287,927,035","$5,109,042,857"
"Dec 02, 2020",$0.16,$0.16,$0.15,$0.16,"$1,367,595,805","$4,933,112,086"
"Dec 01, 2020",$0.17,$0.17,$0.15,$0.16,"$2,071,556,994","$4,853,014,492"
"Nov 30, 2020",$0.17,$0.17,$0.16,$0.17,"$2,151,589,402","$5,329,823,912"
"Nov 29, 2020",$0.16,$0.17,$0.16,$0.17,"$1,731,327,207","$5,184,554,213"
"Nov 28, 2020",$0.14,$0.17,$0.14,$0.16,"$1,932,319,047","$5,127,054,700"
"Nov 27, 2020",$0.14,$0.14,$0.13,$0.14,"$1,505,708,870","$4,387,736,333"
"Nov 26, 2020",$0.16,$0.16,$0.12,$0.14,"$2,523,183,036","$4,302,273,183"
"Nov 25, 2020",$0.17,$0.17,$0.15,$0.16,"$1,773,041,979","$4,827,479,500"
"Nov 24, 2020",$0.15,$0.18,$0.15,$0.17,"$2,566,224,959","$5,174,709,739"
"Nov 23, 2020",$0.14,$0.16,$0.14,$0.15,"$2,203,606,418","$4,776,075,388"
"Nov 22, 2020",$0.13,$0.15,$0.12,$0.14,"$2,294,032,112","$4,503,848,489"
"Nov 21, 2020",$0.12,$0.13,$0.12,$0.13,"$1,385,060,442","$4,136,248,611"
"Nov 20, 2020",$0.11,$0.12,$0.11,$0.12,"$688,553,865","$3,678,295,392"
"Nov 19, 2020",$0.11,$0.11,$0.10,$0.11,"$590,674,105","$3,293,756,213"
"Nov 18, 2020",$0.11,$0.11,$0.10,$0.11,"$692,683,324","$3,310,449,577"
"Nov 17, 2020",$0.11,$0.11,$0.11,$0.11,"$622,568,575","$3,409,932,700"
"Nov 16, 2020",$0.10,$0.10,$0.10,$0.10,"$400,498,894","$3,235,940,749"
"Nov 15, 2020",$0.10,$0.11,$0.10,$0.10,"$358,303,858","$3,127,773,189"
"Nov 14, 2020",$0.11,$0.11,$0.10,$0.10,"$432,474,021","$3,241,970,358"
"Nov 13, 2020",$0.10,$0.11,$0.10,$0.11,"$477,838,893","$3,310,080,126"
"Nov 12, 2020",$0.11,$0.11,$0.10,$0.10,"$634,274,545","$3,252,034,178"
"Nov 11, 2020",$0.11,$0.11,$0.11,$0.11,"$631,585,357","$3,296,832,659"
"Nov 10, 2020",$0.11,$0.11,$0.10,$0.11,"$700,753,239","$3,291,865,465"
"Nov 09, 2020",$0.11,$0.11,$0.10,$0.11,"$802,272,882","$3,276,933,037"
"Nov 08, 2020",$0.10,$0.11,$0.10,$0.11,"$625,787,081","$3,317,245,143"
"Nov 07, 2020",$0.11,$0.11,$0.10,$0.10,"$861,840,304","$3,154,155,667"
"Nov 06, 2020",$0.10,$0.11,$0.10,$0.11,"$717,731,180","$3,394,525,417"
"Nov 05, 2020",$0.10,$0.10,$0.09,$0.10,"$554,496,502","$3,017,735,497"
"Nov 04, 2020",$0.09,$0.10,$0.09,$0.10,"$1,041,738,046","$2,967,168,445"
"Nov 03, 2020",$0.09,$0.09,$0.09,$0.09,"$859,629,132","$2,906,977,496"
"Nov 02, 2020",$0.10,$0.10,$0.09,$0.09,"$817,756,720","$2,866,799,007"
"Nov 01, 2020",$0.09,$0.10,$0.09,$0.10,"$609,565,849","$3,055,149,297"
"Oct 31, 2020",$0.09,$0.10,$0.09,$0.09,"$662,592,019","$2,895,202,549"
"Oct 30, 2020",$0.10,$0.10,$0.09,$0.09,"$855,782,606","$2,904,936,834"
"Oct 29, 2020",$0.10,$0.10,$0.10,$0.10,"$883,054,980","$2,967,374,456"
"Oct 28, 2020",$0.10,$0.10,$0.10,$0.10,"$876,721,856","$3,079,412,144"
"Oct 27, 2020",$0.10,$0.11,$0.10,$0.10,"$913,522,302","$3,199,198,208"
"Oct 26, 2020",$0.11,$0.11,$0.10,$0.10,"$880,221,833","$3,207,604,424"
"Oct 25, 2020",$0.11,$0.11,$0.11,$0.11,"$722,743,351","$3,308,833,127"
"Oct 24, 2020",$0.11,$0.11,$0.11,$0.11,"$868,194,497","$3,362,485,522"
"Oct 23, 2020",$0.11,$0.11,$0.11,$0.11,"$1,110,973,427","$3,362,726,011"
"Oct 22, 2020",$0.11,$0.11,$0.11,$0.11,"$933,335,641","$3,440,161,416"
"Oct 21, 2020",$0.10,$0.11,$0.10,$0.11,"$779,410,099","$3,303,738,303"
"Oct 20, 2020",$0.11,$0.11,$0.10,$0.10,"$707,955,236","$3,188,834,001"
"Oct 19, 2020",$0.11,$0.11,$0.11,$0.11,"$490,775,170","$3,381,215,174"
"Oct 18, 2020",$0.11,$0.11,$0.11,$0.11,"$432,851,135","$3,341,113,201"
"Oct 17, 2020",$0.10,$0.11,$0.10,$0.11,"$472,005,227","$3,301,145,173"
"Oct 16, 2020",$0.11,$0.11,$0.10,$0.10,"$553,561,875","$3,237,674,829"
"Oct 15, 2020",$0.11,$0.11,$0.10,$0.11,"$562,197,282","$3,317,690,625"
"Oct 14, 2020",$0.11,$0.11,$0.11,$0.11,"$713,264,193","$3,338,272,776"
"Oct 13, 2020",$0.11,$0.11,$0.11,$0.11,"$823,217,251","$3,386,661,064"
"Oct 12, 2020",$0.11,$0.11,$0.10,$0.11,"$821,299,647","$3,423,443,432"
"Oct 11, 2020",$0.10,$0.11,$0.10,$0.11,"$797,480,086","$3,314,647,791"
"Oct 10, 2020",$0.10,$0.11,$0.10,$0.11,"$923,715,999","$3,267,585,277"
"Oct 09, 2020",$0.10,$0.10,$0.10,$0.10,"$762,383,014","$3,171,149,840"
"Oct 08, 2020",$0.09,$0.10,$0.09,$0.10,"$690,490,593","$2,991,528,632"
"Oct 07, 2020",$0.09,$0.09,$0.09,$0.09,"$613,251,111","$2,918,360,588"
"Oct 06, 2020",$0.10,$0.10,$0.09,$0.09,"$997,995,413","$2,887,475,830"
"Oct 05, 2020",$0.10,$0.10,$0.10,$0.10,"$625,952,257","$3,034,839,679"
"Oct 04, 2020",$0.09,$0.10,$0.09,$0.10,"$697,459,534","$2,997,634,377"
"Oct 03, 2020",$0.09,$0.10,$0.09,$0.09,"$553,029,310","$2,906,296,014"
"Oct 02, 2020",$0.10,$0.10,$0.09,$0.09,"$828,579,008","$2,890,990,819"
"Oct 01, 2020",$0.10,$0.10,$0.10,$0.10,"$743,737,566","$3,044,828,931"
"Sep 30, 2020",$0.10,$0.10,$0.10,$0.10,"$615,414,657","$3,144,283,757"
"Sep 29, 2020",$0.10,$0.10,$0.10,$0.10,"$688,007,846","$3,147,982,046"
"Sep 28, 2020",$0.10,$0.11,$0.10,$0.10,"$825,058,842","$3,132,013,926"
"Sep 27, 2020",$0.10,$0.10,$0.09,$0.10,"$727,996,428","$3,151,289,579"
"Sep 26, 2020",$0.10,$0.10,$0.09,$0.10,"$649,321,135","$2,973,219,790"
"Sep 25, 2020",$0.08,$0.10,$0.08,$0.10,"$904,408,695","$3,013,095,546"
"Sep 24, 2020",$0.08,$0.08,$0.08,$0.08,"$596,569,914","$2,576,629,224"
"Sep 23, 2020",$0.08,$0.08,$0.08,$0.08,"$501,076,416","$2,388,284,816"
"Sep 22, 2020",$0.08,$0.08,$0.08,$0.08,"$316,907,647","$2,543,566,502"
"Sep 21, 2020",$0.09,$0.09,$0.08,$0.08,"$566,692,194","$2,502,302,450"
"Sep 20, 2020",$0.09,$0.09,$0.09,$0.09,"$682,896,131","$2,782,473,260"
"Sep 19, 2020",$0.09,$0.09,$0.09,$0.09,"$617,795,834","$2,851,669,375"
"Sep 18, 2020",$0.09,$0.09,$0.09,$0.09,"$699,241,251","$2,833,753,910"
"Sep 17, 2020",$0.09,$0.09,$0.09,$0.09,"$825,621,808","$2,931,310,016"
"Sep 16, 2020",$0.09,$0.09,$0.09,$0.09,"$822,410,832","$2,851,444,344"
"Sep 15, 2020",$0.10,$0.10,$0.09,$0.09,"$813,329,601","$2,908,901,262"
"Sep 14, 2020",$0.09,$0.10,$0.09,$0.10,"$851,692,144","$2,508,929,771"
"Sep 13, 2020",$0.10,$0.10,$0.09,$0.09,"$771,663,333","$2,459,337,149"
"Sep 12, 2020",$0.10,$0.10,$0.10,$0.10,"$699,214,253","$2,530,438,657"
"Sep 11, 2020",$0.10,$0.10,$0.09,$0.10,"$771,197,364","$2,514,641,826"
"Sep 10, 2020",$0.09,$0.10,$0.09,$0.10,"$809,239,667","$2,518,960,461"
"Sep 09, 2020",$0.09,$0.10,$0.09,$0.09,"$572,617,714","$2,420,254,923"
"Sep 08, 2020",$0.09,$0.10,$0.09,$0.09,"$610,082,647","$2,359,641,181"
"Sep 07, 2020",$0.09,$0.09,$0.09,$0.09,"$463,220,962","$2,419,859,105"
"Sep 06, 2020",$0.09,$0.10,$0.09,$0.09,"$454,580,262","$2,412,763,134"
"Sep 05, 2020",$0.10,$0.10,$0.09,$0.09,"$481,176,027","$2,331,449,998"
"Sep 04, 2020",$0.10,$0.10,$0.09,$0.10,"$514,623,980","$2,656,099,876"
"Sep 03, 2020",$0.12,$0.12,$0.10,$0.10,"$486,369,863","$2,492,979,309"
"Sep 02, 2020",$0.13,$0.13,$0.11,$0.12,"$427,391,907","$2,997,504,255"
"Sep 01, 2020",$0.12,$0.13,$0.12,$0.13,"$451,299,015","$3,251,530,868"
"Aug 31, 2020",$0.12,$0.13,$0.11,$0.12,"$453,559,242","$3,180,947,691"
"Aug 30, 2020",$0.12,$0.12,$0.11,$0.12,"$297,044,001","$3,044,806,865"
"Aug 29, 2020",$0.11,$0.12,$0.11,$0.12,"$315,465,776","$3,025,992,529"
"Aug 28, 2020",$0.11,$0.11,$0.11,$0.11,"$275,672,160","$2,837,784,381"
"Aug 27, 2020",$0.12,$0.12,$0.10,$0.11,"$361,935,074","$2,769,641,487"
"Aug 26, 2020",$0.11,$0.12,$0.11,$0.12,"$314,761,939","$2,989,007,621"
"Aug 25, 2020",$0.12,$0.12,$0.11,$0.11,"$431,857,369","$2,937,332,630"
"Aug 24, 2020",$0.12,$0.13,$0.12,$0.12,"$278,021,260","$3,227,620,470"
"Aug 23, 2020",$0.13,$0.13,$0.12,$0.12,"$232,234,230","$3,152,604,459"
"Aug 22, 2020",$0.12,$0.13,$0.12,$0.13,"$296,099,194","$3,248,030,061"
"Aug 21, 2020",$0.13,$0.13,$0.12,$0.12,"$363,034,924","$3,208,744,873"
"Aug 20, 2020",$0.13,$0.13,$0.13,$0.13,"$314,037,834","$3,464,940,044"
"Aug 19, 2020",$0.14,$0.14,$0.13,$0.13,"$383,288,760","$3,351,728,015"
"Aug 18, 2020",$0.14,$0.14,$0.14,$0.14,"$340,692,991","$3,563,078,059"
"Aug 17, 2020",$0.14,$0.14,$0.14,$0.14,"$425,628,203","$3,653,631,796"
"Aug 16, 2020",$0.14,$0.14,$0.14,$0.14,"$284,566,480","$3,590,147,102"
"Aug 15, 2020",$0.14,$0.14,$0.14,$0.14,"$343,504,348","$3,585,803,603"
"Aug 14, 2020",$0.14,$0.14,$0.14,$0.14,"$355,732,407","$3,586,695,888"
"Aug 13, 2020",$0.14,$0.14,$0.13,$0.14,"$470,617,782","$3,662,064,337"
"Aug 12, 2020",$0.14,$0.14,$0.12,$0.14,"$434,540,367","$3,562,335,655"
"Aug 11, 2020",$0.14,$0.14,$0.13,$0.14,"$595,072,471","$3,563,301,331"
"Aug 10, 2020",$0.15,$0.15,$0.14,$0.14,"$311,836,535","$3,729,737,359"
"Aug 09, 2020",$0.15,$0.15,$0.14,$0.15,"$426,878,184","$3,765,758,412"
"Aug 08, 2020",$0.14,$0.15,$0.14,$0.15,"$325,527,431","$3,779,666,320"
"Aug 07, 2020",$0.14,$0.15,$0.13,$0.14,"$620,550,178","$3,607,887,750"
"Aug 06, 2020",$0.14,$0.15,$0.14,$0.14,"$278,613,533","$3,734,743,214"
"Aug 05, 2020",$0.14,$0.15,$0.14,$0.14,"$274,829,819","$3,699,659,275"
"Aug 04, 2020",$0.14,$0.15,$0.14,$0.14,"$376,096,013","$3,708,035,529"
"Aug 03, 2020",$0.13,$0.14,$0.13,$0.14,"$248,378,862","$3,560,687,133"
"Aug 02, 2020",$0.14,$0.15,$0.13,$0.13,"$421,324,885","$3,461,382,969"
"Aug 01, 2020",$0.14,$0.15,$0.14,$0.14,"$362,476,707","$3,722,421,374"
"Jul 31, 2020",$0.14,$0.14,$0.14,$0.14,"$230,659,122","$3,598,615,577"
"Jul 30, 2020",$0.14,$0.14,$0.14,$0.14,"$257,573,327","$3,645,046,756"
"Jul 29, 2020",$0.15,$0.15,$0.14,$0.14,"$451,915,307","$3,626,663,356"
"Jul 28, 2020",$0.14,$0.15,$0.14,$0.15,"$638,080,214","$3,852,716,910"
"Jul 27, 2020",$0.15,$0.15,$0.13,$0.14,"$745,732,008","$3,597,922,375"
"Jul 26, 2020",$0.14,$0.15,$0.14,$0.15,"$743,098,554","$3,839,996,381"
"Jul 25, 2020",$0.12,$0.14,$0.12,$0.14,"$630,341,416","$3,722,550,592"
"Jul 24, 2020",$0.12,$0.12,$0.12,$0.12,"$198,707,995","$3,160,191,204"
"Jul 23, 2020",$0.12,$0.13,$0.12,$0.12,"$201,587,814","$3,209,066,253"
"Jul 22, 2020",$0.12,$0.12,$0.12,$0.12,"$157,853,191","$3,212,941,570"
"Jul 21, 2020",$0.12,$0.12,$0.12,$0.12,"$208,927,329","$3,188,120,006"
"Jul 20, 2020",$0.12,$0.12,$0.12,$0.12,"$176,280,626","$3,057,429,415"
"Jul 19, 2020",$0.12,$0.12,$0.12,$0.12,"$159,010,744","$3,207,480,247"
"Jul 18, 2020",$0.12,$0.12,$0.12,$0.12,"$221,333,950","$3,175,481,569"
"Jul 17, 2020",$0.13,$0.13,$0.12,$0.12,"$231,984,863","$3,175,704,150"
"Jul 16, 2020",$0.13,$0.13,$0.12,$0.13,"$423,824,352","$3,264,792,189"
"Jul 15, 2020",$0.13,$0.13,$0.13,$0.13,"$292,680,349","$3,380,098,710"
"Jul 14, 2020",$0.12,$0.13,$0.12,$0.13,"$449,379,997","$3,421,411,525"
"Jul 13, 2020",$0.13,$0.13,$0.12,$0.12,"$553,867,759","$3,219,003,554"
"Jul 12, 2020",$0.13,$0.13,$0.12,$0.13,"$340,033,778","$3,287,118,881"
"Jul 11, 2020",$0.12,$0.13,$0.12,$0.13,"$393,237,279","$3,246,433,643"
"Jul 10, 2020",$0.12,$0.12,$0.11,$0.12,"$513,272,164","$3,067,594,193"
"Jul 09, 2020",$0.13,$0.13,$0.12,$0.12,"$659,099,389","$3,222,557,775"
"Jul 08, 2020",$0.12,$0.14,$0.12,$0.13,"$1,161,107,598","$3,368,126,986"
"Jul 07, 2020",$0.10,$0.12,$0.10,$0.12,"$575,537,074","$3,047,824,535"
"Jul 06, 2020",$0.10,$0.11,$0.10,$0.11,"$336,062,177","$2,728,084,902"
"Jul 05, 2020",$0.10,$0.10,$0.09,$0.10,"$262,132,088","$2,546,315,063"
"Jul 04, 2020",$0.10,$0.10,$0.10,$0.10,"$325,220,890","$2,591,469,353"
"Jul 03, 2020",$0.09,$0.10,$0.09,$0.10,"$449,087,829","$2,502,949,277"
"Jul 02, 2020",$0.10,$0.10,$0.09,$0.09,"$416,119,936","$2,445,594,521"
"Jul 01, 2020",$0.08,$0.10,$0.08,$0.10,"$411,496,624","$2,487,802,576"
"Jun 30, 2020",$0.08,$0.08,$0.08,$0.08,"$208,687,716","$2,154,965,825"
"Jun 29, 2020",$0.08,$0.08,$0.08,$0.08,"$275,593,607","$2,174,495,660"
"Jun 28, 2020",$0.08,$0.08,$0.08,$0.08,"$188,871,401","$2,084,324,972"
"Jun 27, 2020",$0.08,$0.08,$0.08,$0.08,"$148,184,221","$2,013,977,990"
"Jun 26, 2020",$0.08,$0.08,$0.08,$0.08,"$163,378,517","$2,088,710,302"
"Jun 25, 2020",$0.08,$0.08,$0.08,$0.08,"$207,010,908","$2,118,006,693"
"Jun 24, 2020",$0.08,$0.09,$0.08,$0.08,"$302,220,209","$2,141,134,759"
"Jun 23, 2020",$0.08,$0.08,$0.08,$0.08,"$184,078,790","$2,150,645,920"
"Jun 22, 2020",$0.08,$0.08,$0.08,$0.08,"$202,271,174","$2,167,757,497"
"Jun 21, 2020",$0.08,$0.08,$0.08,$0.08,"$151,949,751","$2,034,638,634"
"Jun 20, 2020",$0.08,$0.08,$0.08,$0.08,"$167,247,007","$2,057,020,093"
"Jun 19, 2020",$0.08,$0.08,$0.08,$0.08,"$211,649,409","$2,063,866,648"
"Jun 18, 2020",$0.08,$0.08,$0.08,$0.08,"$244,522,788","$2,130,520,538"
"Jun 17, 2020",$0.08,$0.08,$0.08,$0.08,"$294,705,846","$2,163,490,354"
"Jun 16, 2020",$0.08,$0.08,$0.08,$0.08,"$216,508,724","$2,050,139,147"
"Jun 15, 2020",$0.08,$0.08,$0.07,$0.08,"$330,333,741","$2,032,340,049"
"Jun 14, 2020",$0.08,$0.08,$0.08,$0.08,"$142,625,977","$1,989,844,416"
"Jun 13, 2020",$0.08,$0.08,$0.08,$0.08,"$161,430,428","$2,048,967,930"
"Jun 12, 2020",$0.08,$0.08,$0.08,$0.08,"$244,019,082","$2,062,614,027"
"Jun 11, 2020",$0.08,$0.09,$0.07,$0.08,"$321,763,381","$1,953,868,157"
"Jun 10, 2020",$0.08,$0.08,$0.08,$0.08,"$326,625,304","$2,165,703,711"
"Jun 09, 2020",$0.09,$0.09,$0.08,$0.08,"$213,123,820","$2,162,490,419"
"Jun 08, 2020",$0.09,$0.09,$0.08,$0.09,"$212,837,064","$2,240,876,356"
"Jun 07, 2020",$0.09,$0.09,$0.08,$0.09,"$317,140,970","$2,246,692,653"
"Jun 06, 2020",$0.09,$0.09,$0.09,$0.09,"$230,814,840","$2,230,397,735"
"Jun 05, 2020",$0.09,$0.09,$0.08,$0.09,"$357,717,348","$2,215,260,327"
"Jun 04, 2020",$0.09,$0.09,$0.08,$0.09,"$593,406,535","$2,307,510,091"
"Jun 03, 2020",$0.08,$0.09,$0.08,$0.09,"$558,410,069","$2,215,176,671"
"Jun 02, 2020",$0.08,$0.08,$0.07,$0.08,"$588,732,847","$2,034,136,636"
"Jun 01, 2020",$0.07,$0.08,$0.07,$0.08,"$681,780,739","$2,104,444,096"
"May 31, 2020",$0.08,$0.09,$0.07,$0.07,"$848,945,702","$1,927,728,436"
"May 30, 2020",$0.06,$0.08,$0.06,$0.08,"$591,436,389","$1,995,286,526"
"May 29, 2020",$0.06,$0.07,$0.06,$0.06,"$393,626,086","$1,676,453,747"
"May 28, 2020",$0.06,$0.07,$0.06,$0.06,"$368,087,319","$1,673,830,268"
"May 27, 2020",$0.05,$0.06,$0.05,$0.06,"$185,161,265","$1,430,724,082"
"May 26, 2020",$0.05,$0.05,$0.05,$0.05,"$162,232,161","$1,385,289,437"
"May 25, 2020",$0.05,$0.05,$0.05,$0.05,"$183,914,564","$1,400,348,731"
"May 24, 2020",$0.06,$0.06,$0.05,$0.05,"$108,565,176","$1,364,837,949"
"May 23, 2020",$0.06,$0.06,$0.05,$0.06,"$131,277,191","$1,434,331,268"
"May 22, 2020",$0.05,$0.06,$0.05,$0.06,"$224,368,474","$1,447,594,927"
"May 21, 2020",$0.06,$0.06,$0.05,$0.05,"$228,349,552","$1,354,588,705"
"May 20, 2020",$0.06,$0.06,$0.05,$0.06,"$203,310,637","$1,474,606,328"
"May 19, 2020",$0.05,$0.06,$0.05,$0.06,"$186,581,379","$1,463,556,399"
"May 18, 2020",$0.05,$0.05,$0.05,$0.05,"$182,874,559","$1,406,595,713"
"May 17, 2020",$0.05,$0.05,$0.05,$0.05,"$115,459,525","$1,331,182,503"
"May 16, 2020",$0.05,$0.05,$0.05,$0.05,"$123,913,485","$1,320,505,418"
"May 15, 2020",$0.05,$0.05,$0.05,$0.05,"$142,644,324","$1,308,347,933"
"May 14, 2020",$0.05,$0.05,$0.05,$0.05,"$144,469,842","$1,319,441,299"
"May 13, 2020",$0.05,$0.05,$0.05,$0.05,"$148,356,780","$1,334,525,067"
"May 12, 2020",$0.05,$0.05,$0.05,$0.05,"$170,879,029","$1,307,273,995"
"May 11, 2020",$0.05,$0.05,$0.05,$0.05,"$206,327,744","$1,247,295,902"
"May 10, 2020",$0.05,$0.05,$0.05,$0.05,"$227,335,948","$1,236,120,365"
"May 09, 2020",$0.05,$0.05,$0.05,$0.05,"$141,642,171","$1,341,363,557"
"May 08, 2020",$0.05,$0.05,$0.05,$0.05,"$172,647,716","$1,356,072,735"
"May 07, 2020",$0.05,$0.05,$0.05,$0.05,"$143,479,708","$1,325,023,314"
"May 06, 2020",$0.05,$0.05,$0.05,$0.05,"$131,357,244","$1,290,301,530"
"May 05, 2020",$0.05,$0.05,$0.05,$0.05,"$128,066,778","$1,279,700,216"
"May 04, 2020",$0.05,$0.05,$0.05,$0.05,"$172,243,659","$1,287,640,569"
"May 03, 2020",$0.05,$0.05,$0.05,$0.05,"$139,890,791","$1,268,581,580"
"May 02, 2020",$0.05,$0.05,$0.05,$0.05,"$128,138,136","$1,322,649,295"
"May 01, 2020",$0.05,$0.05,$0.05,$0.05,"$169,546,437","$1,329,014,979"
"Apr 30, 2020",$0.05,$0.05,$0.05,$0.05,"$242,494,651","$1,240,505,150"
"Apr 29, 2020",$0.05,$0.05,$0.05,$0.05,"$192,508,666","$1,340,309,755"
"Apr 28, 2020",$0.05,$0.05,$0.05,$0.05,"$144,584,235","$1,223,633,868"
"Apr 27, 2020",$0.05,$0.05,$0.04,$0.05,"$168,989,554","$1,208,224,849"
"Apr 26, 2020",$0.04,$0.05,$0.04,$0.05,"$150,611,027","$1,189,500,871"
"Apr 25, 2020",$0.04,$0.04,$0.04,$0.04,"$101,619,889","$1,099,521,578"
"Apr 24, 2020",$0.04,$0.04,$0.04,$0.04,"$176,233,806","$1,085,502,725"
"Apr 23, 2020",$0.04,$0.04,$0.04,$0.04,"$162,468,134","$1,052,777,327"
"Apr 22, 2020",$0.03,$0.04,$0.03,$0.04,"$78,891,247","$947,879,913"
"Apr 21, 2020",$0.03,$0.03,$0.03,$0.03,"$86,348,515","$899,666,804"
"Apr 20, 2020",$0.04,$0.04,$0.03,$0.03,"$94,301,265","$886,099,712"
"Apr 19, 2020",$0.04,$0.04,$0.04,$0.04,"$87,523,446","$928,606,735"
"Apr 18, 2020",$0.03,$0.04,$0.03,$0.04,"$89,893,451","$947,715,099"
"Apr 17, 2020",$0.03,$0.03,$0.03,$0.03,"$79,385,033","$896,388,081"
"Apr 16, 2020",$0.03,$0.03,$0.03,$0.03,"$101,314,083","$892,107,802"
"Apr 15, 2020",$0.03,$0.03,$0.03,$0.03,"$68,238,171","$826,120,877"
"Apr 14, 2020",$0.03,$0.03,$0.03,$0.03,"$74,633,336","$854,917,400"
"Apr 13, 2020",$0.03,$0.03,$0.03,$0.03,"$84,000,834","$858,357,566"
"Apr 12, 2020",$0.03,$0.03,$0.03,$0.03,"$73,751,090","$876,485,000"
"Apr 11, 2020",$0.03,$0.03,$0.03,$0.03,"$75,648,111","$864,772,500"
"Apr 10, 2020",$0.04,$0.04,$0.03,$0.03,"$95,977,717","$861,179,955"
"Apr 09, 2020",$0.04,$0.04,$0.04,$0.04,"$86,398,497","$938,517,018"
"Apr 08, 2020",$0.04,$0.04,$0.04,$0.04,"$100,892,761","$941,511,808"
"Apr 07, 2020",$0.04,$0.04,$0.03,$0.04,"$117,230,378","$910,996,902"
"Apr 06, 2020",$0.03,$0.04,$0.03,$0.04,"$117,138,445","$923,427,176"
"Apr 05, 2020",$0.03,$0.03,$0.03,$0.03,"$64,845,688","$829,738,786"
"Apr 04, 2020",$0.03,$0.03,$0.03,$0.03,"$89,146,987","$842,753,267"
"Apr 03, 2020",$0.03,$0.03,$0.03,$0.03,"$89,797,916","$837,311,638"
"Apr 02, 2020",$0.03,$0.03,$0.03,$0.03,"$106,987,595","$829,262,182"
"Apr 01, 2020",$0.03,$0.03,$0.03,$0.03,"$92,295,629","$799,975,595"
"Mar 31, 2020",$0.03,$0.03,$0.03,$0.03,"$79,871,856","$792,149,099"
"Mar 30, 2020",$0.03,$0.03,$0.03,$0.03,"$81,661,518","$774,524,834"
"Mar 29, 2020",$0.03,$0.03,$0.03,$0.03,"$71,027,469","$732,404,420"
"Mar 28, 2020",$0.03,$0.03,$0.03,$0.03,"$85,338,156","$771,875,681"
"Mar 27, 2020",$0.03,$0.03,$0.03,$0.03,"$85,517,314","$759,700,870"
"Mar 26, 2020",$0.03,$0.03,$0.03,$0.03,"$81,633,746","$796,667,266"
"Mar 25, 2020",$0.03,$0.03,$0.03,$0.03,"$83,388,813","$763,234,881"
"Mar 24, 2020",$0.03,$0.03,$0.03,$0.03,"$88,827,461","$782,026,252"
"Mar 23, 2020",$0.03,$0.03,$0.03,$0.03,"$92,453,324","$754,023,583"
"Mar 22, 2020",$0.03,$0.03,$0.03,$0.03,"$78,698,656","$702,337,218"
"Mar 21, 2020",$0.03,$0.03,$0.03,$0.03,"$94,598,889","$762,610,838"
"Mar 20, 2020",$0.03,$0.03,$0.03,$0.03,"$142,131,507","$761,414,942"
"Mar 19, 2020",$0.03,$0.03,$0.03,$0.03,"$119,348,856","$789,518,107"
"Mar 18, 2020",$0.03,$0.03,$0.02,$0.03,"$77,546,807","$656,878,463"
"Mar 17, 2020",$0.02,$0.03,$0.02,$0.03,"$75,837,864","$654,479,617"
"Mar 16, 2020",$0.03,$0.03,$0.02,$0.02,"$94,985,577","$625,375,603"
"Mar 15, 2020",$0.03,$0.03,$0.03,$0.03,"$67,311,254","$703,131,372"
"Mar 14, 2020",$0.03,$0.03,$0.03,$0.03,"$65,051,356","$674,339,082"
"Mar 13, 2020",$0.02,$0.03,$0.02,$0.03,"$202,296,978","$737,296,260"
"Mar 12, 2020",$0.04,$0.04,$0.02,$0.02,"$179,944,370","$621,232,514"
"Mar 11, 2020",$0.04,$0.04,$0.04,$0.04,"$103,084,587","$1,027,986,946"
"Mar 10, 2020",$0.04,$0.04,$0.04,$0.04,"$103,411,534","$1,075,849,153"
"Mar 09, 2020",$0.04,$0.04,$0.04,$0.04,"$125,578,007","$1,075,504,682"
"Mar 08, 2020",$0.05,$0.05,$0.04,$0.04,"$111,437,013","$1,122,415,113"
"Mar 07, 2020",$0.05,$0.05,$0.05,$0.05,"$90,448,414","$1,268,987,677"
"Mar 06, 2020",$0.05,$0.05,$0.05,$0.05,"$100,834,829","$1,333,906,157"
"Mar 05, 2020",$0.05,$0.05,$0.05,$0.05,"$112,291,734","$1,323,762,215"
"Mar 04, 2020",$0.05,$0.05,$0.05,$0.05,"$136,505,373","$1,270,530,335"
"Mar 03, 2020",$0.05,$0.05,$0.05,$0.05,"$117,373,434","$1,264,228,224"
"Mar 02, 2020",$0.05,$0.05,$0.05,$0.05,"$106,582,073","$1,269,212,107"
"Mar 01, 2020",$0.05,$0.05,$0.05,$0.05,"$96,716,581","$1,190,893,586"
"Feb 29, 2020",$0.05,$0.05,$0.05,$0.05,"$94,074,240","$1,232,603,349"
"Feb 28, 2020",$0.05,$0.05,$0.05,$0.05,"$153,965,237","$1,260,479,442"
"Feb 27, 2020",$0.05,$0.05,$0.05,$0.05,"$158,104,507","$1,288,192,613"
"Feb 26, 2020",$0.06,$0.06,$0.05,$0.05,"$207,080,423","$1,282,176,761"
"Feb 25, 2020",$0.06,$0.06,$0.06,$0.06,"$178,219,320","$1,461,349,871"
"Feb 24, 2020",$0.06,$0.06,$0.06,$0.06,"$203,582,108","$1,528,658,725"
"Feb 23, 2020",$0.06,$0.06,$0.06,$0.06,"$190,486,307","$1,594,775,788"
"Feb 22, 2020",$0.06,$0.06,$0.06,$0.06,"$132,866,697","$1,512,484,799"
"Feb 21, 2020",$0.06,$0.06,$0.06,$0.06,"$180,464,941","$1,520,360,747"
"Feb 20, 2020",$0.06,$0.06,$0.06,$0.06,"$201,763,470","$1,510,507,527"
"Feb 19, 2020",$0.06,$0.06,$0.06,$0.06,"$166,141,953","$1,494,574,416"
"Feb 18, 2020",$0.06,$0.06,$0.06,$0.06,"$184,674,402","$1,622,945,092"
"Feb 17, 2020",$0.06,$0.06,$0.06,$0.06,"$198,079,706","$1,556,723,434"
"Feb 16, 2020",$0.06,$0.07,$0.06,$0.06,"$206,918,460","$1,624,425,325"
"Feb 15, 2020",$0.07,$0.07,$0.06,$0.06,"$190,925,361","$1,655,783,318"
"Feb 14, 2020",$0.07,$0.07,$0.07,$0.07,"$183,283,803","$1,829,921,956"
"Feb 13, 2020",$0.07,$0.07,$0.07,$0.07,"$251,519,041","$1,778,112,985"
"Feb 12, 2020",$0.06,$0.07,$0.06,$0.07,"$220,517,194","$1,772,708,813"
"Feb 11, 2020",$0.06,$0.06,$0.06,$0.06,"$203,550,299","$1,639,312,126"
"Feb 10, 2020",$0.06,$0.06,$0.06,$0.06,"$137,083,309","$1,565,850,308"
"Feb 09, 2020",$0.06,$0.06,$0.06,$0.06,"$137,945,919","$1,602,530,106"
"Feb 08, 2020",$0.06,$0.06,$0.06,$0.06,"$135,969,080","$1,554,184,888"
"Feb 07, 2020",$0.06,$0.06,$0.06,$0.06,"$132,154,530","$1,550,188,289"
"Feb 06, 2020",$0.06,$0.06,$0.06,$0.06,"$136,652,023","$1,549,315,823"
"Feb 05, 2020",$0.06,$0.06,$0.06,$0.06,"$138,149,931","$1,535,683,141"
"Feb 04, 2020",$0.06,$0.06,$0.05,$0.06,"$108,933,031","$1,451,818,140"
"Feb 03, 2020",$0.06,$0.06,$0.06,$0.06,"$106,658,349","$1,477,304,250"
"Feb 02, 2020",$0.06,$0.06,$0.05,$0.06,"$161,454,527","$1,445,896,375"
"Feb 01, 2020",$0.05,$0.06,$0.05,$0.06,"$110,646,744","$1,454,290,893"
"Jan 31, 2020",$0.06,$0.06,$0.05,$0.05,"$130,754,832","$1,394,699,437"
"Jan 30, 2020",$0.05,$0.06,$0.05,$0.06,"$153,009,928","$1,453,721,298"
"Jan 29, 2020",$0.05,$0.06,$0.05,$0.05,"$187,136,958","$1,387,454,346"
"Jan 28, 2020",$0.05,$0.05,$0.05,$0.05,"$207,996,791","$1,370,415,129"
"Jan 27, 2020",$0.04,$0.05,$0.04,$0.05,"$97,006,750","$1,242,217,391"
"Jan 26, 2020",$0.04,$0.04,$0.04,$0.04,"$62,759,585","$1,155,846,119"
"Jan 25, 2020",$0.04,$0.05,$0.04,$0.04,"$57,389,976","$1,121,299,568"
"Jan 24, 2020",$0.04,$0.05,$0.04,$0.05,"$77,503,651","$1,166,815,356"
"Jan 23, 2020",$0.05,$0.05,$0.04,$0.04,"$75,034,253","$1,123,513,004"
"Jan 22, 2020",$0.05,$0.05,$0.05,$0.05,"$67,145,740","$1,183,664,601"
"Jan 21, 2020",$0.04,$0.05,$0.04,$0.05,"$95,915,865","$1,192,372,176"
"Jan 20, 2020",$0.04,$0.04,$0.04,$0.04,"$70,100,648","$1,137,486,373"
"Jan 19, 2020",$0.04,$0.05,$0.04,$0.04,"$91,187,159","$1,088,389,472"
"Jan 18, 2020",$0.04,$0.05,$0.04,$0.04,"$89,192,476","$1,162,863,289"
"Jan 17, 2020",$0.04,$0.05,$0.04,$0.04,"$106,282,894","$1,166,155,737"
"Jan 16, 2020",$0.04,$0.04,$0.04,$0.04,"$76,686,221","$1,073,150,540"
"Jan 15, 2020",$0.04,$0.04,$0.04,$0.04,"$111,350,540","$1,103,270,947"
"Jan 14, 2020",$0.04,$0.04,$0.04,$0.04,"$125,280,206","$1,080,110,770"
"Jan 13, 2020",$0.04,$0.04,$0.04,$0.04,"$56,296,775","$958,419,140"
"Jan 12, 2020",$0.04,$0.04,$0.04,$0.04,"$56,546,260","$977,200,922"
"Jan 11, 2020",$0.04,$0.04,$0.04,$0.04,"$63,485,488","$954,771,091"
"Jan 10, 2020",$0.04,$0.04,$0.03,$0.04,"$47,483,943","$956,027,830"
"Jan 09, 2020",$0.04,$0.04,$0.04,$0.04,"$26,562,776","$942,675,508"
"Jan 08, 2020",$0.04,$0.04,$0.04,$0.04,"$49,193,345","$944,645,770"
"Jan 07, 2020",$0.04,$0.04,$0.04,$0.04,"$51,562,680","$960,513,017"
"Jan 06, 2020",$0.03,$0.04,$0.03,$0.04,"$37,988,444","$966,352,558"
"Jan 05, 2020",$0.03,$0.04,$0.03,$0.03,"$21,479,178","$900,224,706"
"Jan 04, 2020",$0.03,$0.03,$0.03,$0.03,"$29,535,781","$896,939,967"
"Jan 03, 2020",$0.03,$0.03,$0.03,$0.03,"$30,162,644","$886,177,804"
"Jan 02, 2020",$0.03,$0.03,$0.03,$0.03,"$20,843,934","$849,142,417"
"Jan 01, 2020",$0.03,$0.03,$0.03,$0.03,"$22,948,374","$867,464,516"
"Dec 31, 2019",$0.03,$0.03,$0.03,$0.03,"$25,320,349","$851,576,357"
"Dec 30, 2019",$0.03,$0.03,$0.03,$0.03,"$21,940,559","$871,003,591"
"Dec 29, 2019",$0.03,$0.03,$0.03,$0.03,"$23,696,263","$888,882,224"
"Dec 28, 2019",$0.03,$0.03,$0.03,$0.03,"$23,018,616","$871,982,592"
"Dec 27, 2019",$0.03,$0.03,$0.03,$0.03,"$42,498,574","$858,176,174"
"Dec 26, 2019",$0.03,$0.03,$0.03,$0.03,"$28,317,661","$888,809,775"
"Dec 25, 2019",$0.03,$0.03,$0.03,$0.03,"$19,588,981","$874,464,722"
"Dec 24, 2019",$0.03,$0.04,$0.03,$0.03,"$30,932,186","$885,711,476"
"Dec 23, 2019",$0.03,$0.03,$0.03,$0.03,"$36,538,150","$860,781,223"
"Dec 22, 2019",$0.03,$0.03,$0.03,$0.03,"$24,856,106","$893,609,680"
"Dec 21, 2019",$0.03,$0.03,$0.03,$0.03,"$25,280,467","$862,385,606"
"Dec 20, 2019",$0.03,$0.03,$0.03,$0.03,"$32,935,799","$881,632,550"
"Dec 19, 2019",$0.03,$0.03,$0.03,$0.03,"$43,861,871","$862,099,887"
"Dec 18, 2019",$0.03,$0.03,$0.03,$0.03,"$61,099,755","$893,501,578"
"Dec 17, 2019",$0.03,$0.03,$0.03,$0.03,"$54,217,973","$824,492,977"
"Dec 16, 2019",$0.04,$0.04,$0.03,$0.03,"$41,961,581","$888,497,640"
"Dec 15, 2019",$0.04,$0.04,$0.03,$0.04,"$28,289,227","$950,315,361"
"Dec 14, 2019",$0.04,$0.04,$0.04,$0.04,"$39,951,085","$944,448,824"
"Dec 13, 2019",$0.04,$0.04,$0.04,$0.04,"$42,557,714","$962,105,881"
"Dec 12, 2019",$0.04,$0.04,$0.04,$0.04,"$41,806,143","$952,124,839"
"Dec 11, 2019",$0.04,$0.04,$0.04,$0.04,"$46,812,214","$950,360,040"
"Dec 10, 2019",$0.04,$0.04,$0.04,$0.04,"$32,469,760","$949,093,013"
"Dec 09, 2019",$0.04,$0.04,$0.04,$0.04,"$31,176,739","$971,820,730"
"Dec 08, 2019",$0.04,$0.04,$0.04,$0.04,"$25,653,004","$1,009,798,192"
"Dec 07, 2019",$0.04,$0.04,$0.04,$0.04,"$30,151,245","$1,004,866,554"
"Dec 06, 2019",$0.04,$0.04,$0.04,$0.04,"$30,049,656","$993,455,158"
"Dec 05, 2019",$0.04,$0.04,$0.04,$0.04,"$39,975,672","$981,893,636"
"Dec 04, 2019",$0.04,$0.04,$0.04,$0.04,"$51,692,274","$969,802,335"
"Dec 03, 2019",$0.04,$0.04,$0.04,$0.04,"$34,356,883","$983,080,974"
"Dec 02, 2019",$0.04,$0.04,$0.04,$0.04,"$43,069,274","$986,684,920"
"Dec 01, 2019",$0.04,$0.04,$0.04,$0.04,"$59,641,355","$1,026,365,437"
"Nov 30, 2019",$0.04,$0.04,$0.04,$0.04,"$64,184,926","$1,048,107,282"
"Nov 29, 2019",$0.04,$0.04,$0.04,$0.04,"$99,506,198","$1,073,986,624"
"Nov 28, 2019",$0.04,$0.04,$0.04,$0.04,"$60,743,403","$1,016,079,672"
"Nov 27, 2019",$0.04,$0.04,$0.04,$0.04,"$76,841,561","$1,012,420,887"
"Nov 26, 2019",$0.04,$0.04,$0.04,$0.04,"$57,431,470","$959,117,573"
"Nov 25, 2019",$0.04,$0.04,$0.03,$0.04,"$96,694,224","$934,626,616"
"Nov 24, 2019",$0.04,$0.04,$0.04,$0.04,"$62,998,664","$922,680,695"
"Nov 23, 2019",$0.04,$0.04,$0.04,$0.04,"$58,979,321","$994,122,170"
"Nov 22, 2019",$0.04,$0.04,$0.03,$0.04,"$93,310,136","$963,130,806"
"Nov 21, 2019",$0.04,$0.04,$0.04,$0.04,"$67,101,708","$995,755,250"
"Nov 20, 2019",$0.04,$0.04,$0.04,$0.04,"$69,854,304","$1,067,634,701"
"Nov 19, 2019",$0.04,$0.04,$0.04,$0.04,"$91,311,583","$1,102,995,485"
"Nov 18, 2019",$0.05,$0.05,$0.04,$0.04,"$106,595,679","$1,135,647,864"
"Nov 17, 2019",$0.04,$0.05,$0.04,$0.05,"$74,834,540","$1,177,627,885"
"Nov 16, 2019",$0.04,$0.04,$0.04,$0.04,"$61,781,146","$1,145,239,519"
"Nov 15, 2019",$0.04,$0.04,$0.04,$0.04,"$81,592,975","$1,140,128,777"
"Nov 14, 2019",$0.04,$0.04,$0.04,$0.04,"$53,295,194","$1,117,958,882"
"Nov 13, 2019",$0.04,$0.04,$0.04,$0.04,"$42,332,678","$1,127,632,602"
"Nov 12, 2019",$0.04,$0.04,$0.04,$0.04,"$79,520,150","$1,134,751,210"
"Nov 11, 2019",$0.04,$0.04,$0.04,$0.04,"$57,846,910","$1,119,896,696"
"Nov 10, 2019",$0.04,$0.04,$0.04,$0.04,"$71,691,725","$1,139,696,016"
"Nov 09, 2019",$0.04,$0.04,$0.04,$0.04,"$41,365,742","$1,100,480,940"
"Nov 08, 2019",$0.04,$0.04,$0.04,$0.04,"$70,275,428","$1,096,640,030"
"Nov 07, 2019",$0.04,$0.05,$0.04,$0.04,"$63,525,683","$1,131,378,703"
"Nov 06, 2019",$0.04,$0.05,$0.04,$0.04,"$71,743,244","$1,165,576,446"
"Nov 05, 2019",$0.04,$0.04,$0.04,$0.04,"$82,868,890","$1,149,307,855"
"Nov 04, 2019",$0.04,$0.04,$0.04,$0.04,"$62,120,503","$1,120,989,389"
"Nov 03, 2019",$0.04,$0.04,$0.04,$0.04,"$38,559,537","$1,087,128,848"
"Nov 02, 2019",$0.04,$0.04,$0.04,$0.04,"$47,127,524","$1,104,469,763"
"Nov 01, 2019",$0.04,$0.04,$0.04,$0.04,"$60,880,837","$1,097,888,791"
"Oct 31, 2019",$0.04,$0.04,$0.04,$0.04,"$65,333,067","$1,079,489,291"
"Oct 30, 2019",$0.04,$0.04,$0.04,$0.04,"$87,541,890","$1,088,083,802"
"Oct 29, 2019",$0.04,$0.04,$0.04,$0.04,"$83,357,024","$1,126,380,670"
"Oct 28, 2019",$0.04,$0.04,$0.04,$0.04,"$101,906,301","$1,098,341,833"
"Oct 27, 2019",$0.04,$0.04,$0.04,$0.04,"$122,643,093","$1,097,616,330"
"Oct 26, 2019",$0.04,$0.04,$0.04,$0.04,"$122,861,125","$1,051,275,058"
"Oct 25, 2019",$0.04,$0.04,$0.04,$0.04,"$80,455,621","$1,069,400,506"
"Oct 24, 2019",$0.04,$0.04,$0.04,$0.04,"$49,800,738","$977,063,811"
"Oct 23, 2019",$0.04,$0.04,$0.04,$0.04,"$48,257,598","$943,980,593"
"Oct 22, 2019",$0.04,$0.04,$0.04,$0.04,"$39,376,929","$1,006,380,703"
"Oct 21, 2019",$0.04,$0.04,$0.04,$0.04,"$36,963,296","$1,018,420,797"
"Oct 20, 2019",$0.04,$0.04,$0.04,$0.04,"$33,137,956","$1,024,858,733"
"Oct 19, 2019",$0.04,$0.04,$0.04,$0.04,"$40,431,591","$1,016,991,740"
"Oct 18, 2019",$0.04,$0.04,$0.04,$0.04,"$39,606,481","$987,128,932"
"Oct 17, 2019",$0.04,$0.04,$0.04,$0.04,"$36,229,682","$1,024,746,317"
"Oct 16, 2019",$0.04,$0.04,$0.04,$0.04,"$44,617,564","$1,004,433,806"
"Oct 15, 2019",$0.04,$0.04,$0.04,$0.04,"$47,200,974","$1,031,011,908"
"Oct 14, 2019",$0.04,$0.04,$0.04,$0.04,"$41,060,021","$1,083,474,445"
"Oct 13, 2019",$0.04,$0.04,$0.04,$0.04,"$34,184,265","$1,071,428,262"
"Oct 12, 2019",$0.04,$0.04,$0.04,$0.04,"$34,809,571","$1,051,143,063"
"Oct 11, 2019",$0.04,$0.04,$0.04,$0.04,"$46,907,955","$1,053,231,670"
"Oct 10, 2019",$0.04,$0.04,$0.04,$0.04,"$51,703,356","$1,080,140,962"
"Oct 09, 2019",$0.04,$0.04,$0.04,$0.04,"$61,997,644","$1,105,241,985"
"Oct 08, 2019",$0.04,$0.04,$0.04,$0.04,"$56,654,020","$1,074,443,874"
"Oct 07, 2019",$0.04,$0.04,$0.04,$0.04,"$69,132,008","$1,080,435,863"
"Oct 06, 2019",$0.04,$0.04,$0.04,$0.04,"$38,119,872","$1,019,553,042"
"Oct 05, 2019",$0.04,$0.04,$0.04,$0.04,"$37,111,643","$1,030,084,921"
"Oct 04, 2019",$0.04,$0.04,$0.04,$0.04,"$48,050,293","$1,028,437,473"
"Oct 03, 2019",$0.04,$0.04,$0.04,$0.04,"$37,098,921","$994,599,041"
"Oct 02, 2019",$0.04,$0.04,$0.04,$0.04,"$36,838,966","$1,022,702,347"
"Oct 01, 2019",$0.04,$0.04,$0.04,$0.04,"$38,320,346","$998,363,540"
"Sep 30, 2019",$0.04,$0.04,$0.04,$0.04,"$57,274,489","$1,008,182,343"
"Sep 29, 2019",$0.04,$0.04,$0.04,$0.04,"$43,311,030","$971,890,057"
"Sep 28, 2019",$0.04,$0.04,$0.04,$0.04,"$39,805,246","$1,006,662,551"
"Sep 27, 2019",$0.04,$0.04,$0.04,$0.04,"$80,670,015","$1,024,951,253"
"Sep 26, 2019",$0.04,$0.04,$0.04,$0.04,"$98,838,747","$991,171,142"
"Sep 25, 2019",$0.04,$0.04,$0.04,$0.04,"$126,192,409","$1,021,428,554"
"Sep 24, 2019",$0.05,$0.05,$0.04,$0.04,"$118,474,846","$974,166,907"
"Sep 23, 2019",$0.05,$0.05,$0.05,$0.05,"$70,372,238","$1,199,502,002"
"Sep 22, 2019",$0.05,$0.05,$0.05,$0.05,"$86,152,016","$1,273,314,002"
"Sep 21, 2019",$0.05,$0.05,$0.05,$0.05,"$81,964,426","$1,346,178,814"
"Sep 20, 2019",$0.05,$0.05,$0.05,$0.05,"$96,532,515","$1,357,030,832"
"Sep 19, 2019",$0.05,$0.05,$0.05,$0.05,"$129,365,460","$1,361,274,441"
"Sep 18, 2019",$0.05,$0.05,$0.05,$0.05,"$138,254,972","$1,381,702,255"
"Sep 17, 2019",$0.05,$0.05,$0.05,$0.05,"$85,720,810","$1,270,629,600"
"Sep 16, 2019",$0.05,$0.05,$0.05,$0.05,"$45,484,816","$1,220,414,092"
"Sep 15, 2019",$0.05,$0.05,$0.05,$0.05,"$41,237,029","$1,213,352,354"
"Sep 14, 2019",$0.05,$0.05,$0.04,$0.05,"$51,690,256","$1,206,223,719"
"Sep 13, 2019",$0.05,$0.05,$0.04,$0.05,"$38,257,028","$1,186,234,364"
"Sep 12, 2019",$0.04,$0.05,$0.04,$0.05,"$43,222,873","$1,178,436,047"
"Sep 11, 2019",$0.05,$0.05,$0.04,$0.04,"$51,727,434","$1,166,460,704"
"Sep 10, 2019",$0.05,$0.05,$0.05,$0.05,"$48,839,824","$1,205,855,448"
"Sep 09, 2019",$0.05,$0.05,$0.05,$0.05,"$64,445,050","$1,216,793,070"
"Sep 08, 2019",$0.05,$0.05,$0.05,$0.05,"$46,948,887","$1,211,284,020"
"Sep 07, 2019",$0.04,$0.05,$0.04,$0.05,"$40,837,132","$1,197,778,632"
"Sep 06, 2019",$0.04,$0.04,$0.04,$0.04,"$44,478,145","$1,151,557,932"
"Sep 05, 2019",$0.05,$0.05,$0.04,$0.04,"$47,778,879","$1,152,110,878"
"Sep 04, 2019",$0.05,$0.05,$0.05,$0.05,"$40,737,362","$1,180,110,608"
"Sep 03, 2019",$0.05,$0.05,$0.04,$0.05,"$63,769,390","$1,212,638,991"
"Sep 02, 2019",$0.04,$0.05,$0.04,$0.05,"$42,959,888","$1,176,091,977"
"Sep 01, 2019",$0.04,$0.05,$0.04,$0.04,"$31,928,555","$1,154,858,195"
"Aug 31, 2019",$0.04,$0.05,$0.04,$0.04,"$44,165,774","$1,166,467,600"
"Aug 30, 2019",$0.04,$0.05,$0.04,$0.04,"$51,959,378","$1,162,170,223"
"Aug 29, 2019",$0.05,$0.05,$0.04,$0.04,"$53,919,498","$1,158,850,280"
"Aug 28, 2019",$0.05,$0.05,$0.05,$0.05,"$65,386,760","$1,188,098,008"
"Aug 27, 2019",$0.05,$0.05,$0.05,$0.05,"$38,041,608","$1,292,184,390"
"Aug 26, 2019",$0.05,$0.05,$0.05,$0.05,"$86,216,612","$1,288,484,883"
"Aug 25, 2019",$0.05,$0.05,$0.05,$0.05,"$104,616,408","$1,281,808,185"
"Aug 24, 2019",$0.05,$0.05,$0.05,$0.05,"$87,164,791","$1,300,940,280"
"Aug 23, 2019",$0.05,$0.05,$0.05,$0.05,"$54,095,276","$1,290,905,551"
"Aug 22, 2019",$0.05,$0.05,$0.05,$0.05,"$60,163,313","$1,281,051,016"
"Aug 21, 2019",$0.05,$0.05,$0.05,$0.05,"$43,633,315","$1,221,501,502"
"Aug 20, 2019",$0.05,$0.05,$0.05,$0.05,"$32,132,615","$1,275,474,447"
"Aug 19, 2019",$0.05,$0.05,$0.05,$0.05,"$32,307,052","$1,304,079,745"
"Aug 18, 2019",$0.05,$0.05,$0.05,$0.05,"$38,253,395","$1,315,314,323"
"Aug 17, 2019",$0.05,$0.05,$0.05,$0.05,"$34,826,995","$1,228,764,421"
"Aug 16, 2019",$0.05,$0.05,$0.04,$0.05,"$44,228,391","$1,214,458,934"
"Aug 15, 2019",$0.05,$0.05,$0.05,$0.05,"$43,373,583","$1,232,018,705"
"Aug 14, 2019",$0.05,$0.05,$0.05,$0.05,"$65,540,880","$1,218,564,199"
"Aug 13, 2019",$0.05,$0.05,$0.05,$0.05,"$48,509,717","$1,362,753,887"
"Aug 12, 2019",$0.05,$0.05,$0.05,$0.05,"$35,518,598","$1,372,520,557"
"Aug 11, 2019",$0.05,$0.06,$0.05,$0.05,"$58,526,308","$1,425,499,839"
"Aug 10, 2019",$0.05,$0.05,$0.05,$0.05,"$64,446,722","$1,347,716,040"
"Aug 09, 2019",$0.05,$0.05,$0.05,$0.05,"$43,195,565","$1,235,203,862"
"Aug 08, 2019",$0.05,$0.05,$0.05,$0.05,"$47,971,636","$1,347,437,569"
"Aug 07, 2019",$0.05,$0.05,$0.05,$0.05,"$46,290,311","$1,345,774,518"
"Aug 06, 2019",$0.06,$0.06,$0.05,$0.05,"$48,272,769","$1,383,701,920"
"Aug 05, 2019",$0.06,$0.06,$0.06,$0.06,"$54,461,469","$1,469,544,377"
"Aug 04, 2019",$0.06,$0.06,$0.06,$0.06,"$45,039,557","$1,458,935,744"
"Aug 03, 2019",$0.06,$0.06,$0.06,$0.06,"$37,149,597","$1,497,630,296"
"Aug 02, 2019",$0.06,$0.06,$0.06,$0.06,"$50,056,239","$1,488,526,750"
"Aug 01, 2019",$0.06,$0.06,$0.06,$0.06,"$44,730,277","$1,526,381,233"
"Jul 31, 2019",$0.06,$0.06,$0.06,$0.06,"$47,344,104","$1,559,562,581"
"Jul 30, 2019",$0.06,$0.06,$0.06,$0.06,"$32,759,717","$1,554,177,557"
"Jul 29, 2019",$0.06,$0.06,$0.06,$0.06,"$42,220,707","$1,565,812,955"
"Jul 28, 2019",$0.06,$0.06,$0.06,$0.06,"$30,475,480","$1,541,995,847"
"Jul 27, 2019",$0.06,$0.06,$0.06,$0.06,"$55,521,874","$1,552,271,993"
"Jul 26, 2019",$0.06,$0.06,$0.06,$0.06,"$57,109,968","$1,630,403,438"
"Jul 25, 2019",$0.06,$0.06,$0.06,$0.06,"$46,420,719","$1,520,981,692"
"Jul 24, 2019",$0.06,$0.06,$0.05,$0.06,"$60,954,092","$1,530,901,690"
"Jul 23, 2019",$0.06,$0.06,$0.06,$0.06,"$59,728,001","$1,447,034,779"
"Jul 22, 2019",$0.06,$0.06,$0.06,$0.06,"$53,620,677","$1,541,782,517"
"Jul 21, 2019",$0.06,$0.06,$0.06,$0.06,"$53,461,726","$1,586,808,067"
"Jul 20, 2019",$0.06,$0.07,$0.06,$0.06,"$71,844,245","$1,632,319,755"
"Jul 19, 2019",$0.06,$0.06,$0.06,$0.06,"$63,433,081","$1,550,095,096"
"Jul 18, 2019",$0.06,$0.06,$0.05,$0.06,"$88,644,360","$1,523,785,855"
"Jul 17, 2019",$0.05,$0.06,$0.05,$0.06,"$97,931,570","$1,432,188,399"
"Jul 16, 2019",$0.06,$0.06,$0.05,$0.05,"$103,254,765","$1,349,556,308"
"Jul 15, 2019",$0.06,$0.06,$0.06,$0.06,"$123,473,435","$1,543,614,519"
"Jul 14, 2019",$0.07,$0.07,$0.06,$0.06,"$101,190,602","$1,540,824,931"
"Jul 13, 2019",$0.07,$0.07,$0.06,$0.07,"$101,320,397","$1,731,139,938"
"Jul 12, 2019",$0.07,$0.07,$0.06,$0.07,"$118,155,306","$1,808,509,845"
"Jul 11, 2019",$0.07,$0.07,$0.06,$0.07,"$118,873,479","$1,690,414,958"
"Jul 10, 2019",$0.08,$0.08,$0.07,$0.07,"$119,999,743","$1,865,186,732"
"Jul 09, 2019",$0.08,$0.08,$0.08,$0.08,"$122,935,384","$2,022,135,799"
"Jul 08, 2019",$0.08,$0.08,$0.08,$0.08,"$114,339,528","$2,086,510,860"
"Jul 07, 2019",$0.08,$0.08,$0.08,$0.08,"$104,984,613","$2,073,226,940"
"Jul 06, 2019",$0.08,$0.08,$0.08,$0.08,"$128,961,683","$2,005,081,178"
"Jul 05, 2019",$0.08,$0.08,$0.08,$0.08,"$116,391,599","$1,984,253,355"
"Jul 04, 2019",$0.08,$0.08,$0.08,$0.08,"$142,713,205","$2,016,443,989"
"Jul 03, 2019",$0.08,$0.08,$0.08,$0.08,"$154,492,407","$2,151,890,421"
"Jul 02, 2019",$0.08,$0.08,$0.08,$0.08,"$180,980,795","$2,102,087,914"
"Jul 01, 2019",$0.08,$0.09,$0.08,$0.08,"$168,654,991","$2,173,260,576"
"Jun 30, 2019",$0.09,$0.09,$0.08,$0.08,"$161,855,807","$2,128,549,912"
"Jun 29, 2019",$0.09,$0.09,$0.08,$0.09,"$169,271,858","$2,344,378,821"
"Jun 28, 2019",$0.09,$0.09,$0.08,$0.09,"$195,954,056","$2,315,164,002"
"Jun 27, 2019",$0.10,$0.10,$0.08,$0.09,"$253,512,191","$2,241,360,203"
"Jun 26, 2019",$0.10,$0.11,$0.10,$0.10,"$340,512,939","$2,510,251,344"
"Jun 25, 2019",$0.10,$0.10,$0.09,$0.10,"$193,143,080","$2,498,245,357"
"Jun 24, 2019",$0.10,$0.10,$0.09,$0.10,"$135,761,451","$2,533,562,407"
"Jun 23, 2019",$0.09,$0.10,$0.09,$0.10,"$245,604,694","$2,505,704,185"
"Jun 22, 2019",$0.09,$0.10,$0.09,$0.09,"$243,264,335","$2,446,662,674"
"Jun 21, 2019",$0.09,$0.09,$0.09,$0.09,"$124,230,175","$2,322,091,329"
"Jun 20, 2019",$0.09,$0.09,$0.09,$0.09,"$159,470,237","$2,265,640,398"
"Jun 19, 2019",$0.09,$0.09,$0.09,$0.09,"$114,753,637","$2,332,886,412"
"Jun 18, 2019",$0.09,$0.09,$0.09,$0.09,"$146,225,453","$2,311,337,668"
"Jun 17, 2019",$0.09,$0.09,$0.09,$0.09,"$158,000,947","$2,425,666,980"
"Jun 16, 2019",$0.09,$0.09,$0.09,$0.09,"$197,578,317","$2,393,611,254"
"Jun 15, 2019",$0.09,$0.09,$0.09,$0.09,"$159,441,139","$2,377,068,998"
"Jun 14, 2019",$0.09,$0.09,$0.09,$0.09,"$205,015,950","$2,349,495,494"
"Jun 13, 2019",$0.10,$0.10,$0.09,$0.09,"$228,176,588","$2,326,670,250"
"Jun 12, 2019",$0.09,$0.10,$0.09,$0.10,"$247,353,618","$2,502,604,097"
"Jun 11, 2019",$0.09,$0.09,$0.08,$0.09,"$152,723,260","$2,280,666,739"
"Jan 3, 2019",$0.05,$0.05,$0.04,$0.04,"$21,126,963","$1,106,608,706"
"Jan 2, 2019",$0.04,$0.05,$0.04,$0.05,"$24,151,526","$1,173,420,170"
"Jan 1, 2019",$0.04,$0.04,$0.04,$0.04,"$14,962,902","$1,103,113,660"
"Jun 10, 2019",$0.08,$0.09,$0.08,$0.09,"$139,307,413","$2,217,723,086"
"Jun 9, 2019",$0.08,$0.08,$0.08,$0.08,"$122,067,718","$2,060,434,302"
"Jun 8, 2019",$0.09,$0.09,$0.08,$0.08,"$126,559,142","$2,183,393,468"
"Jun 7, 2019",$0.08,$0.09,$0.08,$0.09,"$139,056,743","$2,224,715,557"
"Jun 6, 2019",$0.08,$0.08,$0.08,$0.08,"$154,264,121","$2,164,189,637"
"Jun 5, 2019",$0.08,$0.09,$0.08,$0.08,"$118,371,207","$2,163,295,122"
"Jun 04, 2019",$0.09,$0.09,$0.08,$0.08,"$184,181,602","$2,138,623,824"
"Jun 03, 2019",$0.10,$0.10,$0.09,$0.09,"$227,861,801","$2,299,939,612"
"Jun 02, 2019",$0.09,$0.10,$0.09,$0.10,"$187,162,218","$2,503,977,777"
"Jun 01, 2019",$0.09,$0.09,$0.09,$0.09,"$151,835,928","$2,347,250,771"
"May 31, 2019",$0.08,$0.09,$0.08,$0.09,"$136,542,079","$2,318,955,942"
"May 30, 2019",$0.09,$0.10,$0.08,$0.08,"$232,348,615","$2,191,093,156"
"May 29, 2019",$0.09,$0.09,$0.09,$0.09,"$154,832,177","$2,355,927,837"
"May 28, 2019",$0.09,$0.09,$0.09,$0.09,"$180,587,855","$2,406,421,935"
"May 27, 2019",$0.09,$0.09,$0.09,$0.09,"$171,736,300","$2,377,380,307"
"May 26, 2019",$0.08,$0.09,$0.08,$0.09,"$111,190,329","$2,230,096,452"
"May 25, 2019",$0.08,$0.08,$0.08,$0.08,"$62,522,128","$2,087,176,301"
"May 24, 2019",$0.08,$0.08,$0.08,$0.08,"$106,320,608","$2,096,685,245"
"May 23, 2019",$0.08,$0.08,$0.07,$0.08,"$101,768,393","$2,092,055,880"
"May 22, 2019",$0.08,$0.09,$0.08,$0.08,"$130,856,368","$2,021,133,888"
"May 21, 2019",$0.08,$0.09,$0.08,$0.08,"$97,465,477","$2,193,873,581"
"May 20, 2019",$0.09,$0.09,$0.08,$0.08,"$133,738,559","$2,199,862,357"
"May 19, 2019",$0.08,$0.09,$0.08,$0.09,"$145,752,504","$2,255,549,028"
"May 18, 2019",$0.08,$0.08,$0.08,$0.08,"$116,482,955","$2,050,923,758"
"May 17, 2019",$0.09,$0.09,$0.08,$0.08,"$208,531,470","$2,158,684,320"
"May 16, 2019",$0.09,$0.10,$0.08,$0.09,"$270,983,572","$2,285,757,763"
"May 15, 2019",$0.08,$0.09,$0.08,$0.09,"$207,490,352","$2,435,864,142"
"May 14, 2019",$0.07,$0.08,$0.07,$0.08,"$192,076,841","$2,190,969,359"
"May 13, 2019",$0.07,$0.08,$0.07,$0.07,"$124,764,723","$1,894,538,319"
"May 12, 2019",$0.08,$0.08,$0.07,$0.07,"$141,023,789","$1,817,119,315"
"May 11, 2019",$0.06,$0.08,$0.06,$0.08,"$187,252,193","$1,948,954,438"
"May 10, 2019",$0.06,$0.06,$0.06,$0.06,"$87,926,146","$1,644,492,023"
"May 9, 2019",$0.06,$0.07,$0.06,$0.06,"$60,306,853","$1,599,479,075"
"May 8, 2019",$0.06,$0.06,$0.06,$0.06,"$40,605,280","$1,675,057,091"
"May 7, 2019",$0.07,$0.07,$0.06,$0.06,"$53,650,714","$1,660,270,104"
"May 6, 2019",$0.07,$0.07,$0.06,$0.07,"$60,289,464","$1,731,421,229"
"May 5, 2019",$0.07,$0.07,$0.07,$0.07,"$49,098,473","$1,714,978,394"
"May 04, 2019",$0.07,$0.07,$0.07,$0.07,"$75,467,767","$1,734,006,640"
"May 03, 2019",$0.07,$0.07,$0.07,$0.07,"$77,726,744","$1,811,204,684"
"May 02, 2019",$0.07,$0.07,$0.07,$0.07,"$55,122,571","$1,778,049,850"
"May 01, 2019",$0.07,$0.07,$0.07,$0.07,"$58,865,338","$1,789,340,578"
"April 30, 2019",$0.06,$0.07,$0.06,$0.07,"$62,990,602","$1,823,858,101"
"April 29, 2019",$0.07,$0.07,$0.06,$0.06,"$69,287,156","$1,675,705,398"
"April 28, 2019",$0.07,$0.07,$0.07,$0.07,"$42,979,831","$1,778,363,782"
"April 27, 2019",$0.07,$0.07,$0.07,$0.07,"$50,161,507","$1,819,967,619"
"April 26, 2019",$0.07,$0.07,$0.07,$0.07,"$83,227,768","$1,794,657,446"
"Apr 25, 2019",$0.07,$0.08,$0.07,$0.07,"$96,537,994","$1,795,286,337"
"Apr 24, 2019",$0.07,$0.08,$0.07,$0.07,"$90,318,024","$1,883,467,318"
"Apr 23, 2019",$0.08,$0.08,$0.07,$0.07,"$100,698,845","$1,932,178,857"
"Apr 22, 2019",$0.07,$0.08,$0.07,$0.08,"$90,476,347","$2,023,336,836"
"Apr 21, 2019",$0.08,$0.08,$0.07,$0.07,"$89,301,952","$1,921,361,012"
"Apr 20, 2019",$0.08,$0.08,$0.08,$0.08,"$77,410,325","$1,983,585,079"
"Apr 19, 2019",$0.08,$0.08,$0.08,$0.08,"$82,646,736","$2,061,207,560"
"Apr 18, 2019",$0.08,$0.08,$0.08,$0.08,"$70,016,366","$2,120,197,588"
"Apr 17, 2019",$0.08,$0.08,$0.08,$0.08,"$66,210,753","$2,153,869,869"
"Apr 16, 2019",$0.08,$0.08,$0.08,$0.08,"$65,962,870","$2,172,245,015"
"Apr 15, 2019",$0.08,$0.09,$0.08,$0.08,"$73,555,913","$2,133,983,896"
"Apr 14, 2019",$0.08,$0.09,$0.08,$0.08,"$82,514,758","$2,194,550,264"
"Apr 13, 2019",$0.08,$0.09,$0.08,$0.08,"$71,755,836","$2,170,900,032"
"Apr 12, 2019",$0.08,$0.09,$0.08,$0.08,"$110,371,615","$2,163,952,243"
"Apr 11, 2019",$0.09,$0.09,$0.08,$0.08,"$163,656,338","$2,161,932,600"
"Apr 10, 2019",$0.08,$0.09,$0.08,$0.09,"$131,422,302","$2,332,498,044"
"Apr 9, 2019",$0.09,$0.09,$0.08,$0.08,"$122,878,696","$2,171,369,401"
"Apr 8, 2019",$0.09,$0.09,$0.08,$0.09,"$134,978,650","$2,255,876,188"
"Apr 7, 2019",$0.09,$0.09,$0.09,$0.09,"$100,804,121","$2,345,996,894"
"Apr 6, 2019",$0.09,$0.09,$0.09,$0.09,"$114,652,738","$2,340,932,226"
"Apr 5, 2019",$0.09,$0.09,$0.09,$0.09,"$122,685,904","$2,365,234,817"
"Apr 04, 2019",$0.09,$0.09,$0.08,$0.09,"$182,769,802","$2,265,240,087"
"Apr 03, 2019",$0.09,$0.10,$0.08,$0.09,"$300,935,985","$2,352,181,939"
"Apr 02, 2019",$0.07,$0.09,$0.07,$0.09,"$201,276,068","$2,215,912,840"
"Apr 01, 2019",$0.07,$0.07,$0.07,$0.07,"$81,836,247","$1,875,296,477"
"Mar 31, 2019",$0.07,$0.07,$0.07,$0.07,"$67,772,020","$1,808,312,387"
"Mar 30, 2019",$0.07,$0.07,$0.07,$0.07,"$94,907,668","$1,859,991,057"
"Mar 29, 2019",$0.07,$0.07,$0.07,$0.07,"$125,904,170","$1,848,311,707"
"Mar 28, 2019",$0.07,$0.07,$0.07,$0.07,"$78,259,560","$1,706,724,371"
"Mar 27, 2019",$0.06,$0.07,$0.06,$0.07,"$113,386,031","$1,752,535,163"
"Mar 26, 2019",$0.06,$0.06,$0.06,$0.06,"$79,200,006","$1,617,074,185"
"Mar 25, 2019",$0.06,$0.06,$0.06,$0.06,"$74,748,665","$1,530,346,052"
"Mar 24, 2019",$0.06,$0.06,$0.06,$0.06,"$102,441,666","$1,599,795,321"
"Mar 23, 2019",$0.06,$0.06,$0.06,$0.06,"$137,854,804","$1,653,644,986"
"Mar 22, 2019",$0.05,$0.06,$0.05,$0.06,"$119,817,467","$1,505,389,455"
"Mar 21, 2019",$0.05,$0.05,$0.05,$0.05,"$66,543,590","$1,371,535,198"
"Mar 20, 2019",$0.05,$0.05,$0.05,$0.05,"$47,370,106","$1,397,240,955"
"Mar 19, 2019",$0.05,$0.05,$0.05,$0.05,"$46,089,908","$1,363,600,697"
"Mar 18, 2019",$0.05,$0.05,$0.05,$0.05,"$37,198,857","$1,308,074,595"
"Mar 17, 2019",$0.05,$0.05,$0.05,$0.05,"$28,870,445","$1,301,710,902"
"Mar 16, 2019",$0.05,$0.05,$0.05,$0.05,"$44,616,837","$1,338,373,269"
"Mar 15, 2019",$0.05,$0.05,$0.05,$0.05,"$42,730,118","$1,298,350,928"
"Mar 14, 2019",$0.05,$0.05,$0.05,$0.05,"$26,216,581","$1,245,938,291"
"Mar 13, 2019",$0.05,$0.05,$0.05,$0.05,"$29,855,262","$1,207,931,190"
"Mar 12, 2019",$0.05,$0.05,$0.05,$0.05,"$35,348,849","$1,228,861,553"
"Mar 11, 2019",$0.05,$0.05,$0.04,$0.05,"$54,732,770","$1,234,989,220"
"Mar 10, 2019",$0.05,$0.05,$0.04,$0.05,"$27,465,022","$1,184,820,250"
"Mar 9, 2019",$0.04,$0.05,$0.04,$0.05,"$52,185,658","$1,211,517,758"
"Mar 8, 2019",$0.04,$0.04,$0.04,$0.04,"$20,315,017","$1,106,144,503"
"Mar 7, 2019",$0.04,$0.04,$0.04,$0.04,"$17,201,356","$1,113,412,524"
"Mar 6, 2019",$0.04,$0.04,$0.04,$0.04,"$15,221,353","$1,110,799,547"
"Mar 5, 2019",$0.04,$0.04,$0.04,$0.04,"$20,952,204","$1,120,354,028"
"Mar 04, 2019",$0.04,$0.04,$0.04,$0.04,"$18,487,838","$1,052,691,797"
"Mar 03, 2019",$0.04,$0.04,$0.04,$0.04,"$11,011,517","$1,097,017,920"
"Mar 02, 2019",$0.04,$0.04,$0.04,$0.04,"$11,304,263","$1,110,675,717"
"Mar 01, 2019",$0.04,$0.04,$0.04,$0.04,"$12,997,144","$1,122,108,426"
"Feb 28, 2019",$0.04,$0.04,$0.04,$0.04,"$14,678,619","$1,118,064,552"
"Feb 27, 2019",$0.04,$0.04,$0.04,$0.04,"$18,346,578","$1,121,874,468"
"Feb 26, 2019",$0.04,$0.04,$0.04,$0.04,"$16,641,229","$1,122,751,733"
"Feb 25, 2019",$0.04,$0.04,$0.04,$0.04,"$24,692,110","$1,141,916,266"
"Feb 24, 2019",$0.05,$0.05,$0.04,$0.04,"$51,650,807","$1,100,757,852"
"Feb 23, 2019",$0.05,$0.05,$0.05,$0.05,"$27,665,133","$1,259,878,821"
"Feb 22, 2019",$0.05,$0.05,$0.04,$0.05,"$17,691,042","$1,196,867,488"
"Feb 21, 2019",$0.05,$0.05,$0.04,$0.04,"$25,111,686","$1,165,921,115"
"Feb 20, 2019",$0.05,$0.05,$0.05,$0.05,"$25,594,089","$1,232,864,520"
"Feb 19, 2019",$0.05,$0.05,$0.05,$0.05,"$42,563,543","$1,196,753,168"
"Feb 18, 2019",$0.04,$0.05,$0.04,$0.05,"$36,845,046","$1,182,410,903"
"Feb 17, 2019",$0.04,$0.04,$0.04,$0.04,"$15,275,650","$1,074,721,071"
"Feb 16, 2019",$0.04,$0.04,$0.04,$0.04,"$11,097,836","$1,063,679,166"
"Feb 15, 2019",$0.04,$0.04,$0.04,$0.04,"$13,336,096","$1,052,637,738"
"Feb 14, 2019",$0.04,$0.04,$0.04,$0.04,"$11,428,290","$1,051,089,780"
"Feb 13, 2019",$0.04,$0.04,$0.04,$0.04,"$12,736,280","$1,066,068,502"
"Feb 12, 2019",$0.04,$0.04,$0.04,$0.04,"$14,893,311","$1,082,479,800"
"Feb 11, 2019",$0.04,$0.04,$0.04,$0.04,"$17,847,243","$1,082,007,683"
"Feb 10, 2019",$0.04,$0.04,$0.04,$0.04,"$22,634,047","$1,110,446,760"
"Feb 9, 2019",$0.04,$0.04,$0.04,$0.04,"$18,529,365","$1,064,517,700"
"Feb 8, 2019",$0.04,$0.04,$0.04,$0.04,"$32,705,206","$1,056,553,129"
"Feb 7, 2019",$0.04,$0.04,$0.04,$0.04,"$12,424,740","$943,648,357"
"Feb 6, 2019",$0.04,$0.04,$0.04,$0.04,"$17,351,384","$950,565,914"
"Feb 5, 2019",$0.04,$0.04,$0.04,$0.04,"$13,348,305","$982,536,658"
"Feb 04, 2019",$0.04,$0.04,$0.04,$0.04,"$12,233,074","$981,529,402"
"Feb 03, 2019",$0.04,$0.04,$0.04,$0.04,"$12,940,762","$985,988,168"
"Feb 02, 2019",$0.04,$0.04,$0.04,$0.04,"$12,312,317","$1,019,386,721"
"Feb 01, 2019",$0.04,$0.04,$0.04,$0.04,"$18,778,624","$1,002,816,588"
"Jan 31, 2019",$0.04,$0.04,$0.04,$0.04,"$22,222,102","$994,926,538"
"Jan 30, 2019",$0.04,$0.04,$0.04,$0.04,"$26,151,501","$1,028,152,445"
"Jan 29, 2019",$0.04,$0.04,$0.04,$0.04,"$19,526,240","$991,726,129"
"Jan 28, 2019",$0.04,$0.04,$0.04,$0.04,"$30,041,137","$1,005,243,462"
"Jan 27, 2019",$0.04,$0.04,$0.04,$0.04,"$20,835,107","$1,067,363,755"
"Jan 26, 2019",$0.04,$0.04,$0.04,$0.04,"$13,550,564","$1,105,756,797"
"Jan 25, 2019",$0.04,$0.04,$0.04,$0.04,"$12,663,796","$1,106,850,088"
"Jan 24, 2019",$0.04,$0.04,$0.04,$0.04,"$12,440,167","$1,115,551,802"
"Jan 23, 2019",$0.04,$0.04,$0.04,$0.04,"$15,241,102","$1,112,274,745"
"Jan 22, 2019",$0.04,$0.04,$0.04,$0.04,"$22,963,399","$1,129,838,202"
"Jan 21, 2019",$0.04,$0.04,$0.04,$0.04,"$16,583,935","$1,113,231,795"
"Jan 20, 2019",$0.05,$0.05,$0.04,$0.04,"$26,755,022","$1,127,226,431"
"Jan 19, 2019",$0.04,$0.05,$0.04,$0.05,"$23,657,402","$1,186,172,183"
"Jan 18, 2019",$0.05,$0.05,$0.04,$0.04,"$18,937,100","$1,148,980,462"
"Jan 17, 2019",$0.04,$0.05,$0.04,$0.05,"$38,222,964","$1,174,964,368"
"Jan 16, 2019",$0.04,$0.05,$0.04,$0.04,"$35,481,507","$1,160,927,551"
"Jan 15, 2019",$0.04,$0.04,$0.04,$0.04,"$24,504,027","$1,109,941,703"
"Jan 14, 2019",$0.04,$0.04,$0.04,$0.04,"$30,269,131","$1,142,310,312"
"Jan 13, 2019",$0.04,$0.04,$0.04,$0.04,"$21,758,341","$1,043,328,640"
"Jan 12, 2019",$0.04,$0.04,$0.04,$0.04,"$18,224,445","$1,133,124,203"
"Jan 11, 2019",$0.04,$0.05,$0.04,$0.04,"$35,963,011","$1,144,607,284"
"Jan 10, 2019",$0.05,$0.05,$0.04,$0.04,"$91,162,431","$1,154,512,658"
"Jan 9, 2019",$0.05,$0.05,$0.05,$0.05,"$55,364,234","$1,352,599,204"
"Jan 8, 2019",$0.05,$0.05,$0.05,$0.05,"$34,626,383","$1,258,115,426"
"Jan 7, 2019",$0.05,$0.05,$0.05,$0.05,"$45,688,431","$1,244,393,599"
"Jan 6, 2019",$0.04,$0.05,$0.04,$0.05,"$51,366,407","$1,277,183,981"
"Jan 5, 2019",$0.04,$0.05,$0.04,$0.04,"$25,100,965","$1,158,975,656"
"Jan 04, 2019",$0.04,$0.04,$0.04,$0.04,"$16,024,029","$1,135,911,589"
"Dec 31, 2018",$0.04,$0.04,$0.04,$0.04,"$19,280,457","$1,064,641,798"
"Dec 30, 2018",$0.04,$0.04,$0.04,$0.04,"$27,767,174","$1,122,116,468"
"Dec 29, 2018",$0.04,$0.04,$0.04,$0.04,"$30,992,034","$1,076,193,322"
"Dec 28, 2018",$0.04,$0.04,$0.04,$0.04,"$26,948,333","$1,085,348,670"
"Dec 27, 2018",$0.04,$0.04,$0.04,$0.04,"$22,969,395","$957,851,765"
"Dec 26, 2018",$0.04,$0.04,$0.04,$0.04,"$27,218,409","$1,068,154,537"
"Dec 25, 2018",$0.05,$0.05,$0.04,$0.04,"$38,493,644","$1,076,264,960"
"Dec 24, 2018",$0.04,$0.05,$0.04,$0.05,"$57,936,798","$1,185,292,600"
"Dec 23, 2018",$0.04,$0.04,$0.04,$0.04,"$40,656,190","$1,146,761,807"
"Dec 22, 2018",$0.04,$0.04,$0.04,$0.04,"$31,227,246","$1,089,171,594"
"Dec 21, 2018",$0.04,$0.05,$0.04,$0.04,"$93,581,789","$1,057,728,023"
"Dec 20, 2018",$0.03,$0.04,$0.03,$0.04,"$43,040,801","$1,021,545,369"
"Dec 19, 2018",$0.03,$0.04,$0.03,$0.03,"$43,168,563","$895,652,795"
"Dec 18, 2018",$0.03,$0.03,$0.03,$0.03,"$78,783,798","$900,577,015"
"Dec 17, 2018",$0.03,$0.03,$0.03,$0.03,"$37,555,983","$851,032,497"
"Nov 1, 2018",$0.07,$0.07,$0.07,$0.07,"$11,256,600","$1,837,384,079"
"Oct 31, 2018",$0.07,$0.07,$0.07,$0.07,"$16,366,000","$1,807,238,674"
"Dec 16, 2018",$0.03,$0.03,$0.03,$0.03,"$10,366,601","$754,560,639"
"Dec 15, 2018",$0.03,$0.03,$0.03,$0.03,"$8,387,951","$733,050,648"
"Dec 14, 2018",$0.03,$0.03,$0.03,$0.03,"$9,205,271","$735,240,139"
"Dec 13, 2018",$0.03,$0.03,$0.03,$0.03,"$11,234,575","$756,817,501"
"Dec 12, 2018",$0.03,$0.03,$0.03,$0.03,"$11,071,814","$793,596,929"
"Dec 11, 2018",$0.03,$0.03,$0.03,$0.03,"$10,444,631","$766,165,271"
"Dec 10, 2018",$0.03,$0.03,$0.03,$0.03,"$12,553,718","$783,071,164"
"Dec 9, 2018",$0.03,$0.03,$0.03,$0.03,"$16,588,924","$821,695,910"
"Dec 8, 2018",$0.03,$0.03,$0.03,$0.03,"$19,987,029","$795,394,849"
"Dec 7, 2018",$0.03,$0.03,$0.03,$0.03,"$31,750,703","$774,280,073"
"Dec 6, 2018",$0.03,$0.04,$0.03,$0.03,"$27,195,357","$798,494,898"
"Dec 5, 2018",$0.04,$0.04,$0.03,$0.03,"$26,250,706","$888,035,722"
"Dec 4, 2018",$0.04,$0.04,$0.04,$0.04,"$23,563,420","$977,433,742"
"Dec 03, 2018",$0.04,$0.04,$0.04,$0.04,"$21,282,053","$1,002,625,724"
"Dec 02, 2018",$0.04,$0.04,$0.04,$0.04,"$23,206,023","$1,080,429,209"
"Dec 01, 2018",$0.04,$0.04,$0.04,$0.04,"$19,314,340","$1,075,155,852"
"Nov 30, 2018",$0.04,$0.04,$0.04,$0.04,"$28,861,639","$1,008,977,118"
"Nov 29, 2018",$0.04,$0.04,$0.04,$0.04,"$39,544,072","$1,085,456,214"
"Nov 28, 2018",$0.04,$0.04,$0.04,$0.04,"$47,624,500","$1,089,471,060"
"Nov 27, 2018",$0.04,$0.04,$0.03,$0.04,"$17,966,300","$945,329,512"
"Nov 26, 2018",$0.04,$0.04,$0.03,$0.04,"$31,641,100","$928,344,688"
"Nov 25, 2018",$0.04,$0.04,$0.03,$0.04,"$40,704,000","$978,106,514"
"Nov 24, 2018",$0.04,$0.04,$0.04,$0.04,"$25,740,400","$997,092,908"
"Nov 23, 2018",$0.04,$0.04,$0.04,$0.04,"$24,258,500","$1,125,551,172"
"Nov 22, 2018",$0.05,$0.05,$0.04,$0.04,"$18,689,900","$1,147,394,729"
"Nov 21, 2018",$0.05,$0.05,$0.04,$0.05,"$33,938,000","$1,238,792,838"
"Nov 20, 2018",$0.05,$0.05,$0.04,$0.04,"$65,556,800","$1,160,931,252"
"Nov 19, 2018",$0.06,$0.06,$0.05,$0.05,"$53,737,000","$1,363,284,259"
"Nov 18, 2018",$0.06,$0.06,$0.06,$0.06,"$16,669,400","$1,605,295,314"
"Nov 17, 2018",$0.06,$0.06,$0.06,$0.06,"$17,926,300","$1,573,112,041"
"Nov 16, 2018",$0.06,$0.06,$0.06,$0.06,"$27,544,700","$1,585,474,069"
"Nov 15, 2018",$0.06,$0.07,$0.06,$0.06,"$60,267,800","$1,647,483,843"
"Nov 14, 2018",$0.07,$0.07,$0.06,$0.06,"$54,964,400","$1,680,683,457"
"Nov 13, 2018",$0.08,$0.08,$0.07,$0.07,"$20,329,300","$1,908,320,544"
"Nov 12, 2018",$0.08,$0.08,$0.07,$0.08,"$20,975,100","$1,970,491,066"
"Nov 11, 2018",$0.08,$0.08,$0.07,$0.08,"$23,663,500","$1,982,925,689"
"Nov 10, 2018",$0.07,$0.08,$0.07,$0.08,"$15,012,100","$1,950,249,802"
"Nov 09, 2018",$0.08,$0.08,$0.07,$0.07,"$23,756,800","$1,924,449,774"
"Nov 08, 2018",$0.08,$0.08,$0.08,$0.08,"$32,149,600","$1,983,244,592"
"Nov 07, 2018",$0.08,$0.08,$0.08,$0.08,"$36,852,900","$2,036,408,050"
"Nov 06, 2018",$0.08,$0.08,$0.08,$0.08,"$49,473,200","$2,084,951,304"
"Nov 05, 2018",$0.08,$0.08,$0.07,$0.08,"$34,358,100","$1,974,302,345"
"Nov 04, 2018",$0.07,$0.08,$0.07,$0.08,"$52,924,200","$1,976,402,438"
"Nov 03, 2018",$0.07,$0.07,$0.07,$0.07,"$14,948,900","$1,853,235,890"
"Nov 2, 2018",$0.07,$0.07,$0.07,$0.07,"$18,823,400","$1,881,885,303"
"Oct 30, 2018",$0.07,$0.07,$0.07,$0.07,"$11,418,800","$1,805,750,460"
"Oct 29, 2018",$0.07,$0.07,$0.07,$0.07,"$21,315,700","$1,805,221,548"
"Oct 28, 2018",$0.07,$0.07,$0.07,$0.07,"$11,226,100","$1,896,990,414"
"Oct 27, 2018",$0.07,$0.07,$0.07,$0.07,"$10,316,000","$1,889,715,278"
"Oct 26, 2018",$0.07,$0.07,$0.07,$0.07,"$13,464,800","$1,911,154,372"
"Oct 25, 2018",$0.07,$0.07,$0.07,$0.07,"$12,567,300","$1,914,952,688"
"Oct 24, 2018",$0.07,$0.08,$0.07,$0.07,"$14,151,400","$1,926,918,031"
"Oct 23, 2018",$0.08,$0.08,$0.07,$0.07,"$20,710,600","$1,937,869,626"
"Oct 22, 2018",$0.08,$0.08,$0.08,$0.08,"$16,871,700","$1,964,652,290"
"Oct 21, 2018",$0.08,$0.08,$0.08,$0.08,"$17,620,200","$1,967,169,808"
"Oct 20, 2018",$0.08,$0.08,$0.08,$0.08,"$20,363,900","$1,979,319,234"
"Oct 19, 2018",$0.08,$0.08,$0.07,$0.08,"$18,153,800","$1,966,215,692"
"Oct 18, 2018",$0.08,$0.08,$0.07,$0.08,"$28,634,400","$1,947,931,922"
"Oct 17, 2018",$0.08,$0.08,$0.08,$0.08,"$36,907,800","$2,006,973,047"
"Oct 16, 2018",$0.07,$0.08,$0.07,$0.08,"$26,555,800","$1,965,629,740"
"Oct 15, 2018",$0.07,$0.08,$0.07,$0.07,"$71,953,000","$1,939,054,493"
"Oct 14, 2018",$0.07,$0.07,$0.07,$0.07,"$26,250,600","$1,848,416,047"
"Oct 13, 2018",$0.07,$0.07,$0.07,$0.07,"$23,571,900","$1,895,336,267"
"Oct 12, 2018",$0.07,$0.08,$0.07,$0.07,"$40,979,000","$1,898,221,950"
"Oct 11, 2018",$0.08,$0.08,$0.07,$0.07,"$72,659,700","$1,839,248,235"
"Oct 10, 2018",$0.09,$0.09,$0.08,$0.08,"$35,888,200","$2,195,465,443"
"Oct 09, 2018",$0.09,$0.09,$0.08,$0.09,"$38,710,200","$2,238,978,845"
"Oct 08, 2018",$0.08,$0.09,$0.08,$0.09,"$62,079,800","$2,245,470,984"
"Oct 07, 2018",$0.08,$0.09,$0.08,$0.08,"$34,848,400","$2,194,941,716"
"Oct 06, 2018",$0.08,$0.08,$0.08,$0.08,"$26,277,600","$2,107,948,616"
"Oct 05, 2018",$0.08,$0.08,$0.08,$0.08,"$31,160,900","$2,151,708,326"
"Oct 04, 2018",$0.08,$0.08,$0.08,$0.08,"$31,665,100","$2,107,977,136"
"Oct 03, 2018",$0.08,$0.08,$0.08,$0.08,"$38,063,700","$2,094,614,324"
"Oct 02, 2018",$0.08,$0.08,$0.08,$0.08,"$34,775,200","$2,139,639,274"
"Oct 01, 2018",$0.09,$0.09,$0.08,$0.08,"$42,076,400","$2,190,041,499"
"Sep 30, 2018",$0.08,$0.09,$0.08,$0.09,"$49,853,100","$2,208,861,960"
"Sep 29, 2018",$0.08,$0.09,$0.08,$0.08,"$55,854,000","$2,193,583,137"
"Sep 28, 2018",$0.09,$0.09,$0.08,$0.08,"$89,113,600","$2,178,690,628"
"Sep 19, 2018",$0.07,$0.07,$0.07,$0.07,"$96,071,300","$1,875,826,146"
"Sep 18, 2018",$0.06,$0.07,$0.06,$0.07,"$67,159,000","$1,800,126,878"
"Sep 17, 2018",$0.07,$0.07,$0.06,$0.06,"$48,609,600","$1,656,713,880"
"Sep 16, 2018",$0.07,$0.07,$0.07,$0.07,"$32,643,600","$1,813,922,673"
"Sep 15, 2018",$0.07,$0.07,$0.07,$0.07,"$34,842,300","$1,797,311,198"
"Sep 14, 2018",$0.07,$0.07,$0.07,$0.07,"$62,256,800","$1,769,475,895"
"Sep 13, 2018",$0.07,$0.07,$0.07,$0.07,"$86,011,700","$1,810,453,630"
"Sep 12, 2018",$0.07,$0.07,$0.06,$0.07,"$91,272,400","$1,730,491,952"
"Sep 11, 2018",$0.07,$0.07,$0.07,$0.07,"$47,614,500","$1,828,198,118"
"Sep 10, 2018",$0.08,$0.08,$0.07,$0.07,"$44,682,000","$1,905,844,508"
"Sep 9, 2018",$0.08,$0.08,$0.08,$0.08,"$47,870,100","$1,987,128,467"
"Sep 8, 2018",$0.08,$0.09,$0.08,$0.08,"$35,208,700","$2,028,396,585"
"Sep 7, 2018",$0.09,$0.09,$0.08,$0.08,"$41,868,100","$2,177,433,165"
"Sep 6, 2018",$0.09,$0.09,$0.08,$0.09,"$73,239,200","$2,298,847,044"
"Sep 5, 2018",$0.11,$0.11,$0.09,$0.09,"$98,708,900","$2,270,418,011"
"Sep 4, 2018",$0.10,$0.11,$0.10,$0.11,"$54,317,400","$2,729,213,080"
"Sep 3, 2018",$0.10,$0.11,$0.10,$0.10,"$53,687,200","$2,686,225,997"
"Sep 2, 2018",$0.11,$0.11,$0.10,$0.10,"$58,391,900","$2,707,615,830"
"Sep 1, 2018",$0.10,$0.11,$0.10,$0.11,"$70,208,900","$2,769,711,164"
"Aug 31, 2018",$0.10,$0.10,$0.10,$0.10,"$42,250,400","$2,649,642,901"
"Aug 30, 2018",$0.11,$0.11,$0.10,$0.10,"$64,807,500","$2,607,226,213"
"Aug 29, 2018",$0.11,$0.11,$0.10,$0.11,"$83,582,300","$2,734,502,203"
"Aug 28, 2018",$0.10,$0.11,$0.10,$0.11,"$79,059,500","$2,734,787,400"
"Aug 27, 2018",$0.09,$0.10,$0.09,$0.10,"$55,515,600","$2,599,551,800"
"Aug 26, 2018",$0.09,$0.09,$0.09,$0.09,"$26,907,400","$2,419,973,132"
"Aug 25, 2018",$0.09,$0.10,$0.09,$0.09,"$30,674,700","$2,444,461,250"
"Aug 24, 2018",$0.09,$0.09,$0.09,$0.09,"$35,302,400","$2,439,148,793"
"Aug 23, 2018",$0.09,$0.09,$0.09,$0.09,"$37,397,400","$2,397,040,638"
"Aug 22, 2018",$0.10,$0.10,$0.09,$0.09,"$64,566,000","$2,337,294,297"
"Aug 21, 2018",$0.09,$0.10,$0.09,$0.10,"$49,545,100","$2,463,159,853"
"Aug 20, 2018",$0.10,$0.10,$0.09,$0.09,"$53,939,600","$2,431,015,471"
"Aug 19, 2018",$0.10,$0.10,$0.10,$0.10,"$51,106,900","$2,655,891,325"
"Aug 18, 2018",$0.11,$0.11,$0.10,$0.10,"$101,454,000","$2,587,119,770"
"Aug 17, 2018",$0.10,$0.11,$0.10,$0.11,"$103,569,000","$2,849,048,000"
"Aug 16, 2018",$0.10,$0.10,$0.09,$0.10,"$50,188,900","$2,471,645,783"
"Aug 15, 2018",$0.10,$0.10,$0.09,$0.10,"$91,346,700","$2,464,119,155"
"Aug 14, 2018",$0.10,$0.10,$0.09,$0.09,"$111,693,000","$2,454,300,573"
"Aug 13, 2018",$0.11,$0.12,$0.10,$0.10,"$56,974,900","$2,668,154,829"
"Aug 12, 2018",$0.11,$0.11,$0.11,$0.11,"$35,031,500","$2,928,981,159"
"Aug 11, 2018",$0.12,$0.12,$0.11,$0.11,"$65,816,400","$2,915,213,884"
"Aug 10, 2018",$0.12,$0.12,$0.11,$0.12,"$71,125,700","$3,016,744,292"
"Aug 9, 2018",$0.11,$0.13,$0.11,$0.12,"$93,016,600","$3,202,174,701"
"Aug 8, 2018",$0.13,$0.13,$0.11,$0.11,"$82,209,700","$2,949,256,128"
"Aug 7, 2018",$0.13,$0.13,$0.12,$0.13,"$57,321,700","$3,250,684,250"
"Aug 6, 2018",$0.13,$0.14,$0.13,$0.13,"$57,534,800","$3,384,856,840"
"Aug 5, 2018",$0.13,$0.13,$0.13,$0.13,"$43,901,500","$3,415,139,658"
"Aug 4, 2018",$0.13,$0.13,$0.13,$0.13,"$54,577,300","$3,306,920,066"
"Aug 3, 2018",$0.13,$0.13,$0.12,$0.13,"$77,768,900","$3,377,130,573"
"Aug 2, 2018",$0.14,$0.14,$0.13,$0.13,"$68,531,400","$3,420,843,614"
"Aug 1, 2018",$0.14,$0.15,$0.14,$0.14,"$79,987,900","$3,653,150,166"
"Jul 31, 2018",$0.15,$0.15,$0.14,$0.14,"$93,183,800","$3,715,271,427"
"Jul 30, 2018",$0.16,$0.16,$0.15,$0.15,"$69,612,600","$3,995,024,518"
"Jul 29, 2018",$0.16,$0.16,$0.16,$0.16,"$47,319,500","$4,234,227,671"
"Jul 28, 2018",$0.17,$0.17,$0.16,$0.16,"$51,592,200","$4,235,964,785"
"Jul 27, 2018",$0.16,$0.17,$0.16,$0.17,"$103,693,000","$4,291,967,257"
"Jul 26, 2018",$0.17,$0.17,$0.16,$0.16,"$84,282,200","$4,271,873,777"
"Jul 25, 2018",$0.17,$0.18,$0.17,$0.17,"$123,649,000","$4,478,408,821"
"Jul 24, 2018",$0.16,$0.18,$0.16,$0.17,"$191,390,000","$4,489,842,659"
"Jul 23, 2018",$0.17,$0.18,$0.16,$0.16,"$147,071,008","$4,252,765,526"
"Jul 22, 2018",$0.16,$0.18,$0.16,$0.17,"$139,332,992","$4,414,783,790"
"Jul 21, 2018",$0.16,$0.17,$0.16,$0.16,"$125,996,000","$4,242,628,042"
"Jul 20, 2018",$0.18,$0.18,$0.16,$0.16,"$215,667,008","$4,204,722,665"
"Jul 19, 2018",$0.18,$0.19,$0.17,$0.18,"$216,980,992","$4,689,403,321"
"Jul 18, 2018",$0.17,$0.19,$0.17,$0.18,"$323,366,016","$4,650,746,059"
"Jul 17, 2018",$0.15,$0.17,$0.15,$0.17,"$133,441,000","$4,430,028,907"
"Jul 16, 2018",$0.14,$0.16,$0.14,$0.16,"$90,578,096","$4,047,682,398"
"Jul 15, 2018",$0.14,$0.15,$0.14,$0.14,"$50,143,900","$3,688,436,909"
"Jul 14, 2018",$0.14,$0.14,$0.13,$0.14,"$55,022,100","$3,554,393,954"
"Jul 13, 2018",$0.13,$0.14,$0.13,$0.14,"$92,778,496","$3,575,005,975"
"Jul 12, 2018",$0.13,$0.13,$0.12,$0.13,"$37,623,900","$3,297,430,758"
"Jul 11, 2018",$0.13,$0.13,$0.13,$0.13,"$50,179,700","$3,408,969,016"
"Jul 10, 2018",$0.14,$0.14,$0.13,$0.13,"$62,318,800","$3,339,199,269"
"Jul 9, 2018",$0.15,$0.15,$0.14,$0.14,"$42,768,500","$3,629,037,990"
"Jul 8, 2018",$0.15,$0.15,$0.14,$0.15,"$48,142,400","$3,769,510,858"
"Jul 7, 2018",$0.15,$0.15,$0.14,$0.15,"$47,965,500","$3,898,731,378"
"Jul 6, 2018",$0.15,$0.15,$0.14,$0.15,"$69,138,800","$3,787,530,172"
"Jul 5, 2018",$0.15,$0.15,$0.15,$0.15,"$73,881,296","$3,861,085,272"
"Jul 4, 2018",$0.15,$0.16,$0.15,$0.15,"$86,594,896","$3,913,950,568"
"Jul 3, 2018",$0.16,$0.17,$0.15,$0.15,"$108,280,000","$3,906,042,812"
"Jul 02, 2018",$0.14,$0.16,$0.14,$0.16,"$161,860,000","$4,103,684,871"
"Jul 01, 2018",$0.14,$0.15,$0.13,$0.14,"$108,733,000","$3,687,036,847"
"Jun 30, 2018",$0.13,$0.14,$0.13,$0.14,"$104,599,000","$3,569,405,728"
"Jun 29, 2018",$0.12,$0.13,$0.11,$0.13,"$65,802,200","$3,259,551,308"
"Jun 28, 2018",$0.13,$0.13,$0.12,$0.12,"$42,250,100","$3,093,618,057"
"Jun 27, 2018",$0.13,$0.13,$0.12,$0.13,"$37,072,400","$3,304,249,578"
"Jun 26, 2018",$0.14,$0.14,$0.13,$0.13,"$32,927,500","$3,269,377,668"
"Jun 25, 2018",$0.13,$0.14,$0.13,$0.14,"$57,752,100","$3,507,128,905"
"Jun 24, 2018",$0.14,$0.14,$0.12,$0.13,"$73,037,504","$3,440,600,042"
"Jun 23, 2018",$0.14,$0.14,$0.13,$0.14,"$38,721,800","$3,574,513,361"
"Jun 22, 2018",$0.16,$0.16,$0.14,$0.14,"$79,062,000","$3,625,615,617"
"Jun 21, 2018",$0.16,$0.16,$0.16,$0.16,"$41,237,700","$4,110,892,596"
"Jun 20, 2018",$0.17,$0.17,$0.16,$0.16,"$83,625,600","$4,199,796,521"
"Jun 19, 2018",$0.16,$0.17,$0.16,$0.17,"$69,854,400","$4,334,617,288"
"Jun 18, 2018",$0.16,$0.17,$0.16,$0.16,"$55,507,800","$4,255,073,035"
"Jun 17, 2018",$0.16,$0.16,$0.16,$0.16,"$35,748,800","$4,184,110,643"
"Jun 16, 2018",$0.16,$0.16,$0.16,$0.16,"$42,213,400","$4,225,127,269"
"Jun 15, 2018",$0.17,$0.17,$0.16,$0.16,"$73,950,496","$4,219,552,949"
"Jun 13, 2018",$0.17,$0.17,$0.15,$0.16,"$99,731,600","$4,158,909,531"
"Jun 12, 2018",$0.18,$0.18,$0.16,$0.17,"$82,885,904","$4,319,061,046"
"Jun 11, 2018",$0.18,$0.18,$0.17,$0.18,"$89,350,704","$4,700,059,347"
"Jun 10, 2018",$0.20,$0.20,$0.17,$0.18,"$137,836,000","$4,585,669,112"
"Jun 14, 2018",$0.16,$0.18,$0.16,$0.17,"$199,562,000","$4,469,178,784"
"Jun 9, 2018",$0.21,$0.21,$0.20,$0.20,"$51,481,400","$5,239,627,612"
"Jun 8, 2018",$0.21,$0.21,$0.20,$0.21,"$68,728,600","$5,324,331,352"
"Jun 7, 2018",$0.22,$0.22,$0.21,$0.21,"$76,949,400","$5,473,697,205"
"Jun 6, 2018",$0.22,$0.22,$0.21,$0.22,"$84,766,304","$5,593,013,584"
"Jun 5, 2018",$0.21,$0.22,$0.20,$0.22,"$119,846,000","$5,716,063,460"
"Jun 4, 2018",$0.23,$0.23,$0.21,$0.21,"$115,605,000","$5,548,704,220"
"Jun 3, 2018",$0.23,$0.24,$0.23,$0.23,"$117,208,000","$5,915,364,852"
"Jun 02, 2018",$0.22,$0.23,$0.22,$0.23,"$116,435,000","$5,904,682,898"
"Jun 01, 2018",$0.22,$0.23,$0.22,$0.22,"$130,538,000","$5,768,954,684"
"May 31, 2018",$0.21,$0.23,$0.21,$0.23,"$202,076,000","$5,839,139,264"
"May 30, 2018",$0.20,$0.22,$0.20,$0.21,"$222,612,000","$5,474,319,455"
"May 29, 2018",$0.18,$0.21,$0.17,$0.20,"$185,184,000","$5,268,121,463"
"May 28, 2018",$0.19,$0.19,$0.17,$0.17,"$95,106,200","$4,531,611,170"
"May 27, 2018",$0.20,$0.20,$0.19,$0.19,"$58,991,000","$5,018,365,992"
"May 26, 2018",$0.20,$0.21,$0.20,$0.20,"$60,616,400","$5,096,406,474"
"May 25, 2018",$0.21,$0.21,$0.20,$0.20,"$83,368,000","$5,202,396,339"
"May 24, 2018",$0.20,$0.21,$0.19,$0.21,"$127,678,000","$5,418,472,545"
"May 23, 2018",$0.22,$0.23,$0.20,$0.20,"$124,268,000","$5,259,902,581"
"May 22, 2018",$0.25,$0.25,$0.22,$0.22,"$78,363,296","$5,818,242,045"
"May 21, 2018",$0.26,$0.26,$0.25,$0.25,"$85,090,304","$6,451,692,233"
"May 20, 2018",$0.24,$0.26,$0.24,$0.26,"$101,310,000","$6,640,856,139"
"May 19, 2018",$0.25,$0.25,$0.24,$0.24,"$57,778,000","$6,307,304,377"
"May 18, 2018",$0.24,$0.25,$0.23,$0.25,"$79,212,200","$6,366,236,608"
"May 17, 2018",$0.26,$0.26,$0.24,$0.24,"$83,683,800","$6,317,493,716"
"May 16, 2018",$0.26,$0.26,$0.24,$0.26,"$108,749,000","$6,647,052,709"
"May 15, 2018",$0.27,$0.28,$0.26,$0.26,"$97,408,800","$6,745,057,036"
"May 14, 2018",$0.29,$0.29,$0.26,$0.27,"$161,643,008","$7,089,342,605"
"May 13, 2018",$0.27,$0.29,$0.26,$0.29,"$179,522,000","$7,412,290,196"
"May 12, 2018",$0.26,$0.28,$0.24,$0.27,"$255,480,992","$7,024,473,075"
"May 11, 2018",$0.30,$0.30,$0.25,$0.26,"$348,752,000","$6,744,331,078"
"May 10, 2018",$0.32,$0.33,$0.30,$0.30,"$122,958,000","$7,702,647,459"
"May 9, 2018",$0.33,$0.33,$0.30,$0.32,"$178,122,000","$8,389,818,537"
"May 8, 2018",$0.34,$0.35,$0.32,$0.33,"$142,455,008","$8,513,205,465"
"May 7, 2018",$0.35,$0.35,$0.32,$0.34,"$171,384,992","$8,690,131,795"
"May 6, 2018",$0.37,$0.37,$0.34,$0.35,"$148,186,000","$9,075,019,157"
"May 5, 2018",$0.36,$0.37,$0.36,$0.37,"$139,447,008","$9,498,071,167"
"May 4, 2018",$0.37,$0.37,$0.35,$0.36,"$171,266,000","$9,338,464,121"
"May 3, 2018",$0.37,$0.39,$0.37,$0.37,"$300,814,016","$9,585,471,322"
"May 02, 2018",$0.36,$0.38,$0.35,$0.37,"$272,855,008","$9,655,759,610"
"May 01, 2018",$0.34,$0.36,$0.32,$0.36,"$365,521,984","$9,299,858,712"
"April 30, 2018",$0.36,$0.36,$0.34,$0.34,"$298,712,000","$8,901,230,003"
"April 29, 2018",$0.36,$0.39,$0.35,$0.37,"$671,886,976","$9,464,858,589"
"April 28, 2018",$0.29,$0.36,$0.29,$0.36,"$636,742,016","$9,278,624,442"
"April 27, 2018",$0.29,$0.31,$0.29,$0.29,"$197,183,008","$7,479,674,652"
"April 26, 2018",$0.27,$0.29,$0.26,$0.29,"$220,715,008","$7,630,207,224"
"April 25, 2018",$0.31,$0.31,$0.27,$0.27,"$351,596,000","$7,043,192,420"
"April 24, 2018",$0.29,$0.32,$0.29,$0.31,"$369,016,992","$8,111,932,195"
"Apr 23, 2018",$0.29,$0.29,$0.28,$0.29,"$127,213,000","$7,479,259,819"
"Apr 22, 2018",$0.29,$0.30,$0.28,$0.29,"$160,968,000","$7,403,086,086"
"Apr 21, 2018",$0.30,$0.31,$0.27,$0.29,"$294,632,992","$7,533,888,157"
"Apr 20, 2018",$0.27,$0.30,$0.27,$0.30,"$349,348,992","$7,810,452,218"
"Apr 19, 2018",$0.27,$0.27,$0.26,$0.27,"$240,910,000","$7,061,445,078"
"Apr 18, 2018",$0.24,$0.26,$0.24,$0.26,"$181,118,000","$6,749,879,471"
"Apr 17, 2018",$0.26,$0.27,$0.24,$0.24,"$520,975,008","$6,319,049,340"
"Apr 16, 2018",$0.22,$0.26,$0.21,$0.26,"$678,780,992","$6,654,078,945"
"Sep 27, 2018",$0.08,$0.09,$0.08,$0.09,"$101,911,000","$2,229,764,364"
"Apr 15, 2018",$0.20,$0.22,$0.20,$0.22,"$169,798,000","$5,739,994,146"
"Apr 14, 2018",$0.20,$0.21,$0.19,$0.20,"$113,212,000","$5,207,529,899"
"Apr 13, 2018",$0.21,$0.22,$0.20,$0.20,"$230,412,992","$5,199,207,309"
"Apr 12, 2018",$0.17,$0.21,$0.16,$0.21,"$488,007,008","$5,502,579,961"
"Apr 11, 2018",$0.16,$0.17,$0.15,$0.17,"$91,793,296","$4,304,645,594"
"Apr 10, 2018",$0.15,$0.16,$0.15,$0.16,"$55,981,300","$4,053,619,697"
"Apr 9, 2018",$0.16,$0.17,$0.15,$0.15,"$93,021,904","$3,969,590,062"
"Apr 8, 2018",$0.15,$0.16,$0.15,$0.16,"$51,093,100","$4,060,153,319"
"Apr 7, 2018",$0.14,$0.15,$0.14,$0.15,"$48,205,400","$3,857,792,534"
"Apr 6, 2018",$0.15,$0.15,$0.14,$0.14,"$51,827,500","$3,745,191,266"
"Apr 5, 2018",$0.16,$0.16,$0.14,$0.15,"$113,407,000","$3,856,859,159"
"Apr 4, 2018",$0.17,$0.18,$0.15,$0.16,"$154,800,992","$4,027,925,971"
"Sep 26, 2018",$0.08,$0.08,$0.08,$0.08,"$64,321,400","$2,060,579,858"
"Apr 03, 2018",$0.16,$0.17,$0.16,$0.17,"$155,987,008","$4,471,045,533"
"Sep 25, 2018",$0.08,$0.08,$0.08,$0.08,"$87,535,200","$2,100,805,708"
"Sep 24, 2018",$0.09,$0.09,$0.08,$0.08,"$89,522,100","$2,145,558,424"
"Sep 23, 2018",$0.08,$0.09,$0.08,$0.09,"$149,996,000","$2,327,045,326"
"Sep 22, 2018",$0.09,$0.09,$0.08,$0.08,"$82,526,800","$2,156,937,816"
"Apr 02, 2018",$0.15,$0.16,$0.15,$0.16,"$102,697,000","$4,054,604,926"
"Apr 01, 2018",$0.16,$0.16,$0.14,$0.15,"$100,833,000","$3,908,972,571"
"Mar 31, 2018",$0.15,$0.16,$0.14,$0.16,"$113,124,000","$4,042,522,911"
"Mar 30, 2018",$0.15,$0.15,$0.14,$0.15,"$119,874,000","$3,816,698,127"
"Mar 29, 2018",$0.16,$0.16,$0.15,$0.15,"$103,465,000","$3,808,219,975"
"Mar 28, 2018",$0.16,$0.17,$0.15,$0.16,"$60,260,800","$4,149,835,056"
"Mar 27, 2018",$0.17,$0.17,$0.15,$0.15,"$107,510,000","$4,016,777,330"
"Mar 26, 2018",$0.18,$0.19,$0.16,$0.17,"$117,497,000","$4,350,717,999"
"Mar 25, 2018",$0.19,$0.19,$0.18,$0.18,"$59,349,400","$4,786,266,857"
"Mar 24, 2018",$0.19,$0.20,$0.18,$0.19,"$132,660,000","$4,905,427,673"
"Mar 23, 2018",$0.20,$0.20,$0.18,$0.19,"$148,850,000","$4,906,931,443"
"Mar 22, 2018",$0.22,$0.22,$0.19,$0.20,"$201,540,000","$5,275,666,240"
"Mar 21, 2018",$0.21,$0.23,$0.20,$0.21,"$257,686,000","$5,527,366,241"
"Mar 20, 2018",$0.19,$0.21,$0.18,$0.20,"$249,683,008","$5,313,675,326"
"Mar 19, 2018",$0.16,$0.20,$0.16,$0.20,"$321,964,000","$5,124,433,638"
"Mar 18, 2018",$0.15,$0.16,$0.13,$0.16,"$189,688,992","$4,048,641,700"
"Mar 17, 2018",$0.18,$0.18,$0.15,$0.15,"$81,096,600","$4,012,551,218"
"Mar 16, 2018",$0.19,$0.19,$0.18,$0.18,"$97,455,296","$4,637,782,524"
"Mar 15, 2018",$0.20,$0.20,$0.17,$0.19,"$204,232,992","$4,814,890,343"
"Mar 14, 2018",$0.22,$0.23,$0.20,$0.20,"$144,156,000","$5,174,058,051"
"Mar 13, 2018",$0.22,$0.23,$0.22,$0.22,"$98,868,704","$5,782,410,834"
"Mar 12, 2018",$0.22,$0.24,$0.22,$0.22,"$184,250,000","$5,800,456,075"
"Mar 11, 2018",$0.21,$0.23,$0.20,$0.22,"$161,362,000","$5,794,648,411"
"Mar 10, 2018",$0.23,$0.23,$0.21,$0.21,"$129,138,000","$5,441,392,075"
"Mar 9, 2018",$0.22,$0.23,$0.19,$0.22,"$246,848,992","$5,761,176,563"
"Mar 08, 2018",$0.25,$0.25,$0.22,$0.22,"$167,808,992","$5,749,146,402"
"Mar 07, 2018",$0.28,$0.29,$0.24,$0.25,"$190,792,992","$6,411,271,930"
"Mar 6, 2018",$0.30,$0.30,$0.28,$0.29,"$110,305,000","$7,398,471,068"
"Mar 05, 2018",$0.30,$0.32,$0.29,$0.30,"$202,675,008","$7,716,466,588"
"Mar 04, 2018",$0.30,$0.30,$0.29,$0.30,"$94,436,000","$7,798,525,766"
"Mar 03, 2018",$0.29,$0.31,$0.29,$0.30,"$115,320,000","$7,703,088,219"
"Mar 02, 2018",$0.30,$0.31,$0.29,$0.29,"$107,240,000","$7,609,698,911"
"Mar 01, 2018",$0.31,$0.31,$0.29,$0.30,"$184,691,008","$7,892,122,491"
"Feb 28, 2018",$0.33,$0.34,$0.31,$0.31,"$114,757,000","$8,104,309,636"
"Feb 27, 2018",$0.34,$0.34,$0.33,$0.34,"$106,757,000","$8,699,465,540"
"Feb 26, 2018",$0.35,$0.35,$0.32,$0.34,"$201,812,992","$8,772,035,410"
"Feb 25, 2018",$0.32,$0.35,$0.31,$0.34,"$247,808,000","$8,919,767,858"
"Feb 24, 2018",$0.34,$0.35,$0.32,$0.32,"$133,524,000","$8,373,562,263"
"Feb 23, 2018",$0.33,$0.35,$0.32,$0.35,"$222,508,992","$8,951,528,520"
"Feb 22, 2018",$0.36,$0.37,$0.33,$0.34,"$208,342,000","$8,760,005,250"
"Feb 21, 2018",$0.38,$0.38,$0.36,$0.36,"$242,378,000","$9,448,887,514"
"Feb 20, 2018",$0.39,$0.40,$0.38,$0.38,"$281,249,984","$9,820,629,851"
"Feb 19, 2018",$0.39,$0.40,$0.39,$0.39,"$169,966,000","$10,149,722,158"
"Feb 18, 2018",$0.42,$0.42,$0.38,$0.39,"$251,314,000","$9,997,945,087"
"Sep 21, 2018",$0.08,$0.09,$0.08,$0.09,"$212,274,000","$2,271,359,163"
"Feb 17, 2018",$0.40,$0.43,$0.40,$0.42,"$341,415,008","$10,886,336,159"
"Feb 16, 2018",$0.41,$0.41,$0.39,$0.40,"$192,420,000","$10,469,610,354"
"Feb 15, 2018",$0.39,$0.42,$0.39,$0.41,"$348,342,016","$10,613,713,012"
"Feb 14, 2018",$0.37,$0.40,$0.37,$0.40,"$299,008,992","$10,290,661,713"
"Sep 20, 2018",$0.07,$0.08,$0.07,$0.08,"$103,788,000","$2,112,885,130"
"Feb 13, 2018",$0.38,$0.39,$0.36,$0.37,"$225,695,008","$9,678,938,411"
"Feb 12, 2018",$0.37,$0.39,$0.37,$0.38,"$243,039,008","$9,964,162,114"
"Feb 11, 2018",$0.41,$0.41,$0.36,$0.37,"$331,944,000","$9,587,026,946"
"Feb 10, 2018",$0.39,$0.46,$0.39,$0.41,"$951,824,000","$10,523,071,973"
"Feb 09, 2018",$0.35,$0.39,$0.34,$0.39,"$401,271,008","$10,153,092,677"
"Feb 08, 2018",$0.34,$0.37,$0.34,$0.36,"$346,383,008","$9,245,178,521"
"Feb 07, 2018",$0.37,$0.38,$0.33,$0.34,"$679,744,000","$8,826,793,383"
"Feb 06, 2018",$0.33,$0.38,$0.27,$0.37,"$1,338,390,016","$9,586,612,113"
"Feb 05, 2018",$0.39,$0.40,$0.32,$0.33,"$658,547,968","$8,487,771,009"
"Feb 04, 2018",$0.43,$0.48,$0.37,$0.38,"$814,753,984","$9,834,215,636"
"Feb 03, 2018",$0.40,$0.50,$0.33,$0.44,"$1,404,499,968","$11,377,731,927"
"Feb 02, 2018",$0.42,$0.42,$0.27,$0.39,"$1,438,809,984","$10,125,402,566"
"Feb 01, 2018",$0.52,$0.54,$0.41,$0.42,"$595,624,000","$10,932,719,688"
"Jan 31, 2018",$0.53,$0.55,$0.47,$0.52,"$505,904,000","$13,464,316,636"
"Jan 30, 2018",$0.62,$0.62,$0.52,$0.53,"$359,622,016","$13,790,945,871"
"Jan 29, 2018",$0.67,$0.67,$0.62,$0.62,"$238,318,000","$16,157,854,068"
"Jan 28, 2018",$0.62,$0.68,$0.62,$0.67,"$325,145,984","$17,378,552,403"
"Jan 27, 2018",$0.62,$0.63,$0.60,$0.62,"$331,308,992","$15,992,672,701"
"Jan 26, 2018",$0.63,$0.65,$0.57,$0.62,"$810,062,016","$16,162,469,086"
"Jan 25, 2018",$0.63,$0.68,$0.62,$0.64,"$654,814,016","$16,528,377,833"
"Jan 24, 2018",$0.56,$0.64,$0.54,$0.62,"$689,838,016","$16,132,030,705"
"Jan 23, 2018",$0.57,$0.59,$0.52,$0.56,"$375,958,016","$14,598,755,608"
"Jan 22, 2018",$0.61,$0.63,$0.52,$0.57,"$522,984,000","$14,790,304,805"
"Jan 21, 2018",$0.71,$0.71,$0.59,$0.61,"$847,731,008","$15,897,520,352"
"Jan 20, 2018",$0.66,$0.73,$0.65,$0.71,"$738,798,976","$18,343,661,676"
"Jan 19, 2018",$0.65,$0.69,$0.62,$0.65,"$584,574,016","$16,865,507,531"
"Jan 18, 2018",$0.63,$0.71,$0.59,$0.66,"$1,285,490,048","$17,107,796,005"
"Jan 17, 2018",$0.62,$0.68,$0.44,$0.63,"$1,713,769,984","$16,310,771,930"
"Jan 16, 2018",$0.78,$0.78,$0.48,$0.63,"$1,632,649,984","$16,243,128,203"
"Jan 15, 2018",$0.80,$0.88,$0.78,$0.78,"$972,993,024","$20,186,480,069"
"Jan 14, 2018",$0.88,$0.88,$0.75,$0.80,"$160,712,000","$20,800,303,464"
"Jan 13, 2018",$0.92,$0.97,$0.84,$0.88,"$313,215,008","$22,922,745,312"
"Jan 12, 2018",$0.70,$0.93,$0.66,$0.90,"$365,795,008","$23,269,753,224"
"Jan 11, 2018",$0.79,$0.79,$0.57,$0.69,"$229,000,992","$17,848,506,483"
"Jan 10, 2018",$0.82,$0.82,$0.68,$0.79,"$236,472,000","$20,563,304,112"
"Jan 09, 2018",$0.90,$0.92,$0.80,$0.81,"$209,492,000","$21,123,899,231"
"Jan 08, 2018",$1.00,$1.00,$0.76,$0.90,"$264,460,992","$23,308,488,268"
"Jan 07, 2018",$1.02,$1.04,$0.99,$1.01,"$226,067,008","$26,147,969,179"
"Jan 06, 2018",$1.00,$1.05,$0.93,$1.03,"$297,615,008","$26,630,990,503"
"Jan 05, 2018",$1.17,$1.25,$0.90,$1.00,"$508,100,000","$25,915,636,700"
"Jan 04, 2018",$1.09,$1.33,$1.04,$1.11,"$593,430,016","$28,885,867,828"
"Jan 03, 2018",$0.78,$1.09,$0.78,$1.08,"$657,398,016","$27,992,420,977"
"Jan 02, 2018",$0.72,$0.79,$0.70,$0.78,"$289,712,000","$20,290,188,351"
"Jan 01, 2018",$0.72,$0.73,$0.67,$0.73,"$150,186,000","$18,891,941,437"
"Dec 31, 2017",$0.64,$0.75,$0.64,$0.72,"$305,947,008","$18,659,583,031"
"Dec 30, 2017",$0.53,$0.78,$0.47,$0.64,"$645,155,968","$16,573,698,352"
"Dec 29, 2017",$0.41,$0.56,$0.40,$0.53,"$266,403,008","$13,723,172,509"
"Dec 28, 2017",$0.41,$0.42,$0.37,$0.41,"$82,263,800","$10,570,492,585"
"Dec 27, 2017",$0.43,$0.43,$0.40,$0.41,"$82,067,504","$10,738,370,367"
"Dec 26, 2017",$0.41,$0.43,$0.41,$0.43,"$94,896,000","$11,108,842,278"
"Dec 25, 2017",$0.39,$0.44,$0.36,$0.42,"$122,194,000","$10,795,072,870"
"Dec 24, 2017",$0.42,$0.42,$0.35,$0.39,"$67,372,304","$10,112,309,395"
"Dec 23, 2017",$0.41,$0.45,$0.39,$0.41,"$88,865,000","$10,734,507,234"
"Dec 22, 2017",$0.48,$0.48,$0.29,$0.41,"$150,972,992","$10,556,206,770"
"Dec 21, 2017",$0.49,$0.52,$0.46,$0.48,"$162,926,000","$12,389,276,584"
"Dec 20, 2017",$0.53,$0.53,$0.44,$0.49,"$182,924,000","$12,604,471,269"
"Dec 19, 2017",$0.52,$0.59,$0.50,$0.53,"$279,631,008","$13,774,352,546"
"Dec 18, 2017",$0.51,$0.53,$0.47,$0.52,"$253,463,008","$13,435,356,099"
"Dec 17, 2017",$0.39,$0.59,$0.38,$0.51,"$628,142,976","$13,300,872,384"
"Dec 16, 2017",$0.21,$0.45,$0.20,$0.40,"$581,052,032","$10,491,777,999"
"Dec 15, 2017",$0.23,$0.23,$0.19,$0.21,"$207,311,008","$5,534,573,967"
"Dec 14, 2017",$0.13,$0.24,$0.13,$0.24,"$309,307,008","$6,242,020,013"
"Dec 13, 2017",$0.13,$0.14,$0.12,$0.13,"$61,575,000","$3,481,512,959"
"Dec 12, 2017",$0.12,$0.14,$0.11,$0.13,"$60,056,800","$3,471,401,401"
"Dec 11, 2017",$0.11,$0.12,$0.11,$0.12,"$39,513,900","$3,147,105,603"
"Dec 10, 2017",$0.12,$0.12,$0.10,$0.11,"$46,376,600","$2,859,263,266"
"Dec 09, 2017",$0.11,$0.14,$0.11,$0.12,"$63,308,600","$3,101,110,980"
"Dec 08, 2017",$0.11,$0.12,$0.10,$0.12,"$70,092,400","$2,993,669,200"
"Dec 07, 2017",$0.12,$0.12,$0.11,$0.11,"$71,024,600","$2,735,331,869"
"Dec 06, 2017",$0.13,$0.13,$0.11,$0.12,"$75,688,800","$3,055,220,065"
"Dec 05, 2017",$0.14,$0.14,$0.13,$0.13,"$50,381,100","$3,305,390,369"
"Dec 04, 2017",$0.13,$0.15,$0.13,$0.14,"$76,392,704","$3,522,711,074"
"Dec 03, 2017",$0.13,$0.14,$0.12,$0.13,"$46,458,900","$3,417,369,386"
"Dec 02, 2017",$0.13,$0.14,$0.13,$0.13,"$56,712,600","$3,431,473,713"
"Dec 01, 2017",$0.12,$0.13,$0.11,$0.13,"$73,657,600","$3,405,572,569"
"Nov 30, 2017",$0.09,$0.13,$0.09,$0.12,"$124,345,000","$3,108,214,997"
"Nov 29, 2017",$0.12,$0.15,$0.08,$0.09,"$210,624,992","$2,326,119,729"
"Nov 28, 2017",$0.05,$0.13,$0.05,$0.12,"$240,338,000","$3,104,611,135"
"Nov 27, 2017",$0.04,$0.06,$0.04,$0.05,"$77,777,296","$1,311,728,280"
"Nov 26, 2017",$0.03,$0.04,$0.03,$0.04,"$30,527,100","$941,982,327"
"Nov 25, 2017",$0.03,$0.03,$0.03,$0.03,"$6,156,460","$789,409,295"
"Nov 24, 2017",$0.03,$0.03,$0.03,$0.03,"$5,502,350","$735,856,931"
"Nov 23, 2017",$0.03,$0.03,$0.03,$0.03,"$5,132,300","$711,539,931"
"Nov 22, 2017",$0.03,$0.03,$0.03,$0.03,"$4,938,480","$740,197,122"
"Nov 21, 2017",$0.03,$0.03,$0.03,$0.03,"$5,836,790","$734,526,872"
"Nov 20, 2017",$0.03,$0.03,$0.03,$0.03,"$16,172,400","$766,956,452"
"Nov 19, 2017",$0.03,$0.03,$0.03,$0.03,"$4,725,050","$728,148,813"
"Nov 18, 2017",$0.03,$0.03,$0.02,$0.03,"$2,930,550","$683,673,516"
"Nov 17, 2017",$0.03,$0.03,$0.03,$0.03,"$3,578,870","$668,205,425"
"Nov 16, 2017",$0.03,$0.03,$0.03,$0.03,"$4,888,130","$715,068,605"
"Nov 15, 2017",$0.03,$0.03,$0.03,$0.03,"$6,858,800","$685,631,010"
"Nov 14, 2017",$0.03,$0.03,$0.03,$0.03,"$3,033,290","$680,069,653"
"Nov 13, 2017",$0.02,$0.03,$0.02,$0.03,"$4,419,440","$669,115,466"
"Nov 12, 2017",$0.03,$0.03,$0.02,$0.02,"$7,280,250","$621,653,370"
"Nov 11, 2017",$0.03,$0.03,$0.03,$0.03,"$5,532,220","$711,363,627"
"Nov 10, 2017",$0.03,$0.03,$0.03,$0.03,"$6,766,780","$703,121,411"
"Nov 09, 2017",$0.03,$0.04,$0.03,$0.03,"$18,716,200","$831,037,799"
"Nov 08, 2017",$0.02,$0.03,$0.02,$0.03,"$6,367,000","$652,999,199"
"Nov 07, 2017",$0.02,$0.02,$0.02,$0.02,"$2,539,540","$575,443,552"
"Nov 06, 2017",$0.02,$0.02,$0.02,$0.02,"$4,591,160","$567,310,230"
"Nov 05, 2017",$0.02,$0.02,$0.02,$0.02,"$2,396,230","$535,005,101"
"Nov 04, 2017",$0.02,$0.02,$0.02,$0.02,"$2,626,920","$570,968,540"
"Nov 03, 2017",$0.02,$0.02,$0.02,$0.02,"$2,836,080","$586,680,345"
"Nov 02, 2017",$0.02,$0.02,$0.02,$0.02,"$6,165,050","$552,399,572"
"Nov 01, 2017",$0.03,$0.03,$0.02,$0.02,"$9,382,780","$595,964,829"
"Oct 31, 2017",$0.03,$0.03,$0.03,$0.03,"$7,304,450","$789,155,210"
"Oct 30, 2017",$0.03,$0.03,$0.03,$0.03,"$3,781,270","$741,070,864"
"Oct 29, 2017",$0.03,$0.03,$0.03,$0.03,"$4,746,180","$741,693,114"
"Oct 28, 2017",$0.03,$0.03,$0.03,$0.03,"$1,739,460","$670,632,199"
"Oct 27, 2017",$0.03,$0.03,$0.03,$0.03,"$2,511,440","$684,002,790"
"Oct 26, 2017",$0.03,$0.03,$0.03,$0.03,"$2,437,710","$703,448,092"
"Oct 25, 2017",$0.03,$0.03,$0.03,$0.03,"$2,561,430","$713,707,434"
"Oct 24, 2017",$0.03,$0.03,$0.02,$0.03,"$7,589,560","$705,027,051"
"Oct 23, 2017",$0.03,$0.03,$0.02,$0.03,"$3,517,050","$659,937,283"
"Oct 22, 2017",$0.03,$0.03,$0.03,$0.03,"$2,930,210","$718,926,554"
"Oct 21, 2017",$0.03,$0.03,$0.03,$0.03,"$5,344,520","$737,267,363"
"Oct 20, 2017",$0.03,$0.03,$0.03,$0.03,"$8,716,410","$794,140,985"
"Oct 19, 2017",$0.03,$0.03,$0.03,$0.03,"$2,897,720","$700,857,978"
"Oct 18, 2017",$0.03,$0.03,$0.02,$0.03,"$2,336,180","$692,011,662"
"Oct 17, 2017",$0.03,$0.03,$0.03,$0.03,"$7,039,900","$705,670,042"
"Oct 16, 2017",$0.03,$0.03,$0.03,$0.03,"$6,196,030","$750,542,023"
"Oct 15, 2017",$0.03,$0.03,$0.03,$0.03,"$7,104,990","$779,072,172"
"Oct 14, 2017",$0.03,$0.04,$0.03,$0.03,"$27,853,200","$841,719,752"
"Oct 13, 2017",$0.03,$0.03,$0.03,$0.03,"$15,613,600","$872,212,580"
"Oct 12, 2017",$0.02,$0.03,$0.02,$0.03,"$8,680,640","$680,640,048"
"Oct 11, 2017",$0.02,$0.02,$0.02,$0.02,"$3,606,720","$583,864,665"
"Oct 10, 2017",$0.02,$0.02,$0.02,$0.02,"$2,725,600","$558,243,534"
"Oct 09, 2017",$0.02,$0.02,$0.02,$0.02,"$4,663,310","$573,343,460"
"Oct 08, 2017",$0.02,$0.02,$0.02,$0.02,"$7,727,460","$530,913,809"
"Oct 07, 2017",$0.02,$0.02,$0.02,$0.02,"$7,411,240","$542,936,191"
"Oct 06, 2017",$0.02,$0.02,$0.02,$0.02,"$7,780,710","$480,664,553"
"Oct 05, 2017",$0.02,$0.02,$0.02,$0.02,"$5,562,510","$557,139,041"
"Oct 04, 2017",$0.02,$0.02,$0.02,$0.02,"$9,000,050","$568,619,548"
"Oct 03, 2017",$0.03,$0.03,$0.02,$0.02,"$16,997,800","$539,692,715"
"Oct 02, 2017",$0.02,$0.03,$0.02,$0.03,"$57,641,300","$628,899,052"
"Oct 01, 2017",$0.02,$0.03,$0.02,$0.02,"$50,068,700",$0
"Sep 30, 2017",$1.27,$1.31,$1.23,$1.28,"$6,194,570","$128,358,000"
"Sep 29, 2017",$1.37,$1.37,$1.14,$1.27,"$8,474,270","$126,624,000"
"Sep 28, 2017",$1.15,$1.43,$1.15,$1.38,"$13,944,300","$137,788,000"
"Sep 27, 2017",$0.86,$1.20,$0.86,$1.14,"$8,394,020","$114,366,000"
"Sep 26, 2017",$0.92,$0.94,$0.86,$0.86,"$3,460,160","$86,074,700"
"Sep 25, 2017",$0.78,$0.94,$0.77,$0.92,"$3,695,220","$91,705,900"
"Sep 24, 2017",$0.78,$0.79,$0.74,$0.78,"$2,402,720","$78,326,800"
"Sep 23, 2017",$0.72,$0.78,$0.71,$0.77,"$2,276,080","$77,096,500"
"Sep 22, 2017",$0.70,$0.74,$0.68,$0.72,"$2,099,500","$71,589,300"
"Sep 21, 2017",$0.76,$0.78,$0.68,$0.70,"$2,238,040","$70,214,000"
"Sep 20, 2017",$0.82,$0.82,$0.74,$0.75,"$2,536,950","$74,789,000"
"Sep 19, 2017",$0.91,$0.91,$0.79,$0.80,"$2,888,420","$80,242,500"
"Sep 18, 2017",$0.79,$0.94,$0.79,$0.91,"$3,717,860","$90,920,200"
"Sep 17, 2017",$0.80,$0.81,$0.73,$0.79,"$1,273,640","$78,958,900"
"Sep 16, 2017",$0.81,$0.93,$0.75,$0.80,"$2,829,570","$80,419,800"
"Sep 15, 2017",$0.68,$0.85,$0.53,$0.80,"$4,625,680","$79,970,900"
"Sep 14, 2017",$0.94,$0.95,$0.67,$0.68,"$3,134,360","$67,878,400"
"Sep 13, 2017",$1.04,$1.04,$0.88,$0.94,"$2,780,700","$93,720,400"
"Sep 12, 2017",$1.03,$1.21,$0.99,$1.04,"$7,213,490","$103,568,000"
"Sep 11, 2017",$0.95,$1.10,$0.90,$1.03,"$5,167,180","$102,581,000"
"Sep 10, 2017",$0.98,$1.00,$0.85,$0.94,"$3,257,430","$94,215,900"
"Sep 09, 2017",$1.01,$1.03,$0.86,$0.99,"$4,011,510","$98,930,100"
"Sep 08, 2017",$1.40,$1.40,$0.95,$1.01,"$9,872,850","$100,683,000"
"Sep 07, 2017",$1.03,$1.51,$0.96,$1.37,"$15,442,300","$136,622,000"
"Sep 06, 2017",$0.99,$1.17,$0.74,$1.09,"$14,279,400","$108,614,000"
"Sep 05, 2017",$1.03,$1.12,$0.74,$0.97,"$9,453,770","$97,371,600"
"Sep 04, 2017",$1.58,$1.58,$0.61,$1.05,"$20,075,100","$104,957,000"
"Sep 03, 2017",$1.93,$2.02,$1.42,$1.58,"$11,662,000","$157,580,000"
"Sep 02, 2017",$2.50,$2.85,$1.72,$1.99,"$22,995,400","$199,268,000"
"Sep 01, 2017",$2.20,$2.39,$2.12,$2.38,"$20,990,700","$238,417,000"
"Aug 31, 2017",$2.33,$2.41,$2.20,$2.20,"$20,214,800","$220,379,000"
"Aug 30, 2017",$2.28,$2.37,$2.09,$2.35,"$24,830,000","$235,005,000"
"Aug 29, 2017",$2.11,$2.33,$1.99,$2.33,"$20,372,000","$232,758,000"
"Aug 28, 2017",$2.02,$2.17,$1.96,$2.04,"$15,413,900","$204,290,000"
"Aug 27, 2017",$2.18,$2.31,$1.86,$2.01,"$17,214,900","$200,519,000"
"Aug 26, 2017",$2.53,$2.54,$1.96,$2.17,"$26,690,700","$216,936,000"
"Aug 25, 2017",$2.39,$2.73,$2.39,$2.50,"$49,977,600","$249,687,000"
"Aug 24, 2017",$2.63,$2.66,$2.28,$2.38,"$45,080,400","$237,932,000"
"Aug 23, 2017",$2.47,$2.96,$2.47,$2.58,"$64,925,100","$258,043,000"
"Aug 22, 2017",$2.72,$2.72,$2.22,$2.49,"$52,091,300","$248,527,000"
"Aug 21, 2017",$2.43,$2.91,$2.43,$2.70,"$72,000,600","$270,111,000"
"Aug 20, 2017",$2.11,$2.69,$2.08,$2.50,"$65,350,400","$250,258,000"
"Aug 19, 2017",$2.33,$2.33,$1.82,$2.09,"$43,391,300","$209,337,000"
"Aug 18, 2017",$1.93,$2.75,$1.89,$2.38,"$69,048,000","$238,400,000"
"Aug 17, 2017",$1.44,$2.11,$1.32,$1.97,"$61,296,500","$196,715,000"
"Aug 16, 2017",$1.12,$1.45,$1.08,$1.44,"$31,363,100","$143,724,000"
"Aug 15, 2017",$1.33,$1.38,$0.92,$1.06,"$19,824,400","$105,655,000"
"Aug 14, 2017",$0.87,$1.46,$0.74,$1.30,"$51,698,100","$129,557,000"
"Aug 13, 2017",$0.45,$1.02,$0.45,$0.88,"$13,852,100","$87,682,800"
"Aug 12, 2017",$0.39,$0.48,$0.34,$0.45,"$5,080,760","$44,636,500"
"Aug 11, 2017",$0.35,$0.41,$0.31,$0.39,"$4,413,920","$39,257,200"
"Aug 10, 2017",$0.25,$0.35,$0.25,$0.35,"$4,118,070","$34,907,900"
"Aug 09, 2017",$0.22,$0.26,$0.22,$0.24,"$3,075,320","$24,291,200"
"Aug 08, 2017",$0.15,$0.23,$0.15,$0.22,"$2,617,340","$22,442,100"
"Aug 07, 2017",$0.13,$0.15,$0.13,$0.15,"$748,177","$14,884,800"
"Aug 06, 2017",$0.13,$0.13,$0.13,$0.13,"$393,681","$13,099,900"
"Aug 05, 2017",$0.11,$0.14,$0.11,$0.13,"$542,878","$12,887,100"
"Aug 04, 2017",$0.11,$0.11,$0.10,$0.11,"$287,621","$10,749,400"
"Aug 03, 2017",$0.10,$0.11,$0.10,$0.11,"$293,008","$10,664,200"
"Aug 02, 2017",$0.10,$0.10,$0.10,$0.10,"$256,793","$10,045,200"
"Aug 01, 2017",$0.10,$0.11,$0.10,$0.10,"$300,413","$9,986,680"
"Jul 31, 2017",$0.11,$0.11,$0.10,$0.10,"$240,309","$10,425,000"
"Jul 30, 2017",$0.11,$0.11,$0.10,$0.11,"$224,261","$10,641,400"
"Jul 29, 2017",$0.10,$0.11,$0.10,$0.11,"$340,218","$10,781,100"
"Jul 28, 2017",$0.11,$0.11,$0.10,$0.10,"$342,568","$10,406,700"
"Jul 27, 2017",$0.11,$0.11,$0.10,$0.11,"$344,499","$10,773,700"
"Jul 26, 2017",$0.11,$0.11,$0.10,$0.11,"$200,395","$10,513,800"
"Jul 25, 2017",$0.12,$0.12,$0.10,$0.11,"$145,269","$10,587,000"